scenario,real_time_plot,lateral_angle_range,drag_speed,wiggle_time,servo_speed,extraction_height,wiggle frequency,insertion_angle,wiggle_amplitude
turtle,True,45.0,2.5,2.0,0.2,10.0,10.0,45.0,1.0
time,turtle_state,Motor_Velocity_Left,Motor_Velocity_Right,Servo_Postion_Left,Servo_Position_Right,Motor_Position_Left,Motor_Position_Right,Motor_Torque_Left,Motor_Torque_Right,OptitrackPosition_x,OptitrackPosition_y,OptitrackPosition_z,OptitrackOrientation_x,OptitrackOrientation_y,OptitrackOrientation_z,OptitrackOrientation_w
0.010239124298095703,0,0.0,0.0,0,0,0.0,0.0,0.0,0.0,0,0,0,0,0,0,0
0.011688232421875,0,0.0,0.0,0,0,0.0,0.0,0.0,0.0,0,0,0,0,0,0,0
0.01475214958190918,0,0.0,0.0,0,0,0.0,0.0,0.0,0.0,0,0,0,0,0,0,0
0.016959190368652344,0,0.0,0.0,0,0,0.0,0.0,0.0,0.0,0,0,0,0,0,0,0
0.020536422729492188,0,0.0,0.0,0,0,0.0,0.0,0.0,0.0,0,0,0,0,0,0,0
0.02544713020324707,0,0.0,0.0,0,0,0.0,0.0,0.0,0.0,0,0,0,0,0,0,0
0.02683854103088379,0,0.0,0.0,0,0,0.0,0.0,0.0,0.0,0,0,0,0,0,0,0
0.0296170711517334,0,0.0,0.0,0,0,0.0,0.0,0.0,0.0,0,0,0,0,0,0,0
0.03069305419921875,0,0.0,0.0,0,0,0.0,0.0,0.0,0.0,0,0,0,0,0,0,0
0.031764984130859375,0,0.0,0.0,0,0,0.0,0.0,0.0,0.0,0,0,0,0,0,0,0
0.032839059829711914,0,0.0,0.0,0,0,0.0,0.0,0.0,0.0,0,0,0,0,0,0,0
0.03521728515625,0,0.0,0.0,0,0,0.0,0.0,0.0,0.0,0,0,0,0,0,0,0
0.036788225173950195,0,0.0,0.0,0,0,0.0,0.0,0.0,0.0,0,0,0,0,0,0,0
0.03802752494812012,0,0.0,0.0,0,0,0.0,0.0,0.0,0.0,0,0,0,0,0,0,0
0.04540848731994629,0,0.0,0.0,0,0,0.0,0.0,0.0,0.0,0,0,0,0,0,0,0
0.0466303825378418,0,0.0,0.0,0,0,0.0,0.0,0.0,0.0,0,0,0,0,0,0,0
0.047693729400634766,0,0.0,0.0,0,0,0.0,0.0,0.0,0.0,0,0,0,0,0,0,0
0.04876852035522461,0,0.0,0.0,0,0,0.0,0.0,0.0,0.0,0,0,0,0,0,0,0
0.05086946487426758,0,0.0,0.0,0,0,0.0,0.0,0.0,0.0,0,0,0,0,0,0,0
0.05303621292114258,0,0.0,0.0,0,0,0.0,0.0,0.0,0.0,0,0,0,0,0,0,0
0.0597686767578125,0,0.0,0.0,0,0,0.0,0.0,0.0,0.0,0,0,0,0,0,0,0
0.06085562705993652,0,0.0,0.0,0,0,0.0,0.0,0.0,0.0,0,0,0,0,0,0,0
0.06463384628295898,0,0.0,0.0,0,0,0.0,0.0,0.0,0.0,0,0,0,0,0,0,0
0.06621575355529785,0,0.0,0.0,0,0,0.0,0.0,0.0,0.0,0,0,0,0,0,0,0
0.0675959587097168,0,0.0,0.0,0,0,0.0,0.0,0.0,0.0,0,0,0,0,0,0,0
0.07776093482971191,0,0.0,0.0,0,0,0.0,0.0,0.0,0.0,0,0,0,0,0,0,0
0.07955670356750488,0,0.0,0.0,0,0,0.0,0.0,0.0,0.0,0,0,0,0,0,0,0
0.08112239837646484,0,0.0,0.0,0,0,0.0,0.0,0.0,0.0,0,0,0,0,0,0,0
0.08414220809936523,0,0.0,0.0,0,0,0.0,0.0,0.0,0.0,0,0,0,0,0,0,0
0.08570694923400879,0,0.0,0.0,0,0,0.0,0.0,0.0,0.0,0,0,0,0,0,0,0
0.08934688568115234,0,0.0,0.0,0,0,0.0,0.0,0.0,0.0,0,0,0,0,0,0,0
0.09324765205383301,0,0.0,0.0,0,0,0.0,0.0,0.0,0.0,0,0,0,0,0,0,0
0.09806656837463379,0,0.0,0.0,0,0,0.0,0.0,0.0,0.0,0,0,0,0,0,0,0
0.09964132308959961,0,0.0,0.0,0,0,0.0,0.0,0.0,0.0,0,0,0,0,0,0,0
0.10461139678955078,0,0.0,0.0,0,0,0.0,0.0,0.0,0.0,0,0,0,0,0,0,0
0.1082761287689209,0,0.0,0.0,0,0,0.0,0.0,0.0,0.0,0,0,0,0,0,0,0
0.10986137390136719,0,0.0,0.0,0,0,0.0,0.0,0.0,0.0,0,0,0,0,0,0,0
0.11337566375732422,0,0.0,0.0,0,0,0.0,0.0,0.0,0.0,0,0,0,0,0,0,0
0.12237763404846191,0,0.0,0.0,0,0,0.0,0.0,0.0,0.0,0,0,0,0,0,0,0
0.1239004135131836,0,0.0,0.0,0,0,0.0,0.0,0.0,0.0,0,0,0,0,0,0,0
0.12945294380187988,0,0.0,0.0,0,0,0.0,0.0,0.0,0.0,0,0,0,0,0,0,0
0.1309974193572998,0,0.0,0.0,0,0,0.0,0.0,0.0,0.0,0,0,0,0,0,0,0
0.13324713706970215,0,0.0,0.0,0,0,0.0,0.0,0.0,0.0,0,0,0,0,0,0,0
0.13492321968078613,0,0.0,0.0,0,0,0.0,0.0,0.0,0.0,0,0,0,0,0,0,0
0.1362290382385254,0,0.0,0.0,0,0,0.0,0.0,0.0,0.0,0,0,0,0,0,0,0
0.13887453079223633,0,0.0,0.0,0,0,0.0,0.0,0.0,0.0,0,0,0,0,0,0,0
0.14181923866271973,0,0.0,0.0,0,0,0.0,0.0,0.0,0.0,0,0,0,0,0,0,0
0.14356756210327148,0,0.0,0.0,0,0,0.0,0.0,0.0,0.0,0,0,0,0,0,0,0
0.14464092254638672,0,0.0,0.0,0,0,0.0,0.0,0.0,0.0,0,0,0,0,0,0,0
0.14586210250854492,0,0.0,0.0,0,0,0.0,0.0,0.0,0.0,0,0,0,0,0,0,0
0.14804291725158691,0,0.0,0.0,0,0,0.0,0.0,0.0,0.0,0,0,0,0,0,0,0
0.1496570110321045,0,0.0,0.0,0,0,0.0,0.0,0.0,0.0,0,0,0,0,0,0,0
0.16135263442993164,0,0.0,0.0,0,0,0.0,0.0,0.0,0.0,0,0,0,0,0,0,0
0.16315197944641113,0,0.0,0.0,0,0,0.0,0.0,0.0,0.0,0,0,0,0,0,0,0
0.1647791862487793,0,0.0,0.0,0,0,0.0,0.0,0.0,0.0,0,0,0,0,0,0,0
0.17432355880737305,0,0.0,0.0,0,0,0.0,0.0,0.0,0.0,0,0,0,0,0,0,0
0.17542695999145508,0,0.0,0.0,0,0,0.0,0.0,0.0,0.0,0,0,0,0,0,0,0
0.17648744583129883,0,0.0,0.0,0,0,0.0,0.0,0.0,0.0,0,0,0,0,0,0,0
0.17775797843933105,0,0.0,0.0,0,0,0.0,0.0,0.0,0.0,0,0,0,0,0,0,0
0.18165946006774902,0,0.0,0.0,0,0,0.0,0.0,0.0,0.0,0,0,0,0,0,0,0
0.1837453842163086,0,0.0,0.0,0,0,0.0,0.0,0.0,0.0,0,0,0,0,0,0,0
0.18610262870788574,0,0.0,0.0,0,0,0.0,0.0,0.0,0.0,0,0,0,0,0,0,0
0.18733716011047363,0,0.0,0.0,0,0,0.0,0.0,0.0,0.0,0,0,0,0,0,0,0
0.18943428993225098,0,0.0,0.0,0,0,0.0,0.0,0.0,0.0,0,0,0,0,0,0,0
0.19100356101989746,0,0.0,0.0,0,0,0.0,0.0,0.0,0.0,0,0,0,0,0,0,0
0.19495272636413574,0,0.0,0.0,0,0,0.0,0.0,0.0,0.0,0,0,0,0,0,0,0
0.19907903671264648,0,0.0,0.0,0,0,0.0,0.0,0.0,0.0,0,0,0,0,0,0,0
0.200608491897583,0,0.0,0.0,0,0,0.0,0.0,0.0,0.0,0,0,0,0,0,0,0
0.20327258110046387,0,0.0,0.0,0,0,0.0,0.0,0.0,0.0,0,0,0,0,0,0,0
0.20434832572937012,0,0.0,0.0,0,0,0.0,0.0,0.0,0.0,0,0,0,0,0,0,0
0.20555901527404785,0,0.0,0.0,0,0,0.0,0.0,0.0,0.0,0,0,0,0,0,0,0
0.21192240715026855,0,0.0,0.0,0,0,0.0,0.0,0.0,0.0,0,0,0,0,0,0,0
0.215895414352417,0,0.0,0.0,0,0,0.0,0.0,0.0,0.0,0,0,0,0,0,0,0
0.217926025390625,0,0.0,0.0,0,0,0.0,0.0,0.0,0.0,0,0,0,0,0,0,0
0.21924233436584473,0,0.0,0.0,0,0,0.0,0.0,0.0,0.0,0,0,0,0,0,0,0
0.22585773468017578,0,0.0,0.0,0,0,0.0,0.0,0.0,0.0,0,0,0,0,0,0,0
0.22880077362060547,0,0.0,0.0,0,0,0.0,0.0,0.0,0.0,0,0,0,0,0,0,0
0.23009943962097168,0,0.0,0.0,0,0,0.0,0.0,0.0,0.0,0,0,0,0,0,0,0
0.23220515251159668,0,0.0,0.0,0,0,0.0,0.0,0.0,0.0,0,0,0,0,0,0,0
0.23379921913146973,0,0.0,0.0,0,0,0.0,0.0,0.0,0.0,0,0,0,0,0,0,0
0.2349855899810791,0,0.0,0.0,0,0,0.0,0.0,0.0,0.0,0,0,0,0,0,0,0
0.2439403533935547,0,0.0,0.0,0,0,0.0,0.0,0.0,0.0,0,0,0,0,0,0,0
0.2455730438232422,0,0.0,0.0,0,0,0.0,0.0,0.0,0.0,0,0,0,0,0,0,0
0.24683547019958496,0,0.0,0.0,0,0,0.0,0.0,0.0,0.0,0,0,0,0,0,0,0
0.2485213279724121,0,0.0,0.0,0,0,0.0,0.0,0.0,0.0,0,0,0,0,0,0,0
0.25298380851745605,0,0.0,0.0,0,0,0.0,0.0,0.0,0.0,0,0,0,0,0,0,0
0.25919651985168457,0,0.0,0.0,0,0,0.0,0.0,0.0,0.0,0,0,0,0,0,0,0
0.2602825164794922,0,0.0,0.0,0,0,0.0,0.0,0.0,0.0,0,0,0,0,0,0,0
0.2614712715148926,0,0.0,0.0,0,0,0.0,0.0,0.0,0.0,0,0,0,0,0,0,0
0.2698965072631836,0,0.0,0.0,0,0,0.0,0.0,0.0,0.0,0,0,0,0,0,0,0
0.27327609062194824,0,0.0,0.0,0,0,0.0,0.0,0.0,0.0,0,0,0,0,0,0,0
0.27480578422546387,0,0.0,0.0,0,0,0.0,0.0,0.0,0.0,0,0,0,0,0,0,0
0.2774827480316162,0,0.0,0.0,0,0,0.0,0.0,0.0,0.0,0,0,0,0,0,0,0
0.27939605712890625,0,0.0,0.0,0,0,0.0,0.0,0.0,0.0,0,0,0,0,0,0,0
0.28591465950012207,0,0.0,0.0,0,0,0.0,0.0,0.0,0.0,0,0,0,0,0,0,0
0.2871978282928467,0,0.0,0.0,0,0,0.0,0.0,0.0,0.0,0,0,0,0,0,0,0
0.28914904594421387,0,0.0,0.0,0,0,0.0,0.0,0.0,0.0,0,0,0,0,0,0,0
0.2979590892791748,0,0.0,0.0,0,0,0.0,0.0,0.0,0.0,0,0,0,0,0,0,0
0.2999908924102783,0,0.0,0.0,0,0,0.0,0.0,0.0,0.0,0,0,0,0,0,0,0
0.3013651371002197,0,0.0,0.0,0,0,0.0,0.0,0.0,0.0,0,0,0,0,0,0,0
0.30977392196655273,0,0.0,0.0,0,0,0.0,0.0,0.0,0.0,0,0,0,0,0,0,0
0.3128228187561035,0,0.0,0.0,0,0,0.0,0.0,0.0,0.0,0,0,0,0,0,0,0
0.3143134117126465,0,0.0,0.0,0,0,0.0,0.0,0.0,0.0,0,0,0,0,0,0,0
0.3169121742248535,0,0.0,0.0,0,0,0.0,0.0,0.0,0.0,0,0,0,0,0,0,0
0.3186326026916504,0,0.0,0.0,0,0,0.0,0.0,0.0,0.0,0,0,0,0,0,0,0
0.32239460945129395,0,0.0,0.0,0,0,0.0,0.0,0.0,0.0,0,0,0,0,0,0,0
0.3242526054382324,0,0.0,0.0,0,0,0.0,0.0,0.0,0.0,0,0,0,0,0,0,0
0.32578420639038086,0,0.0,0.0,0,0,0.0,0.0,0.0,0.0,0,0,0,0,0,0,0
0.32692980766296387,0,0.0,0.0,0,0,0.0,0.0,0.0,0.0,0,0,0,0,0,0,0
0.32843661308288574,0,0.0,0.0,0,0,0.0,0.0,0.0,0.0,0,0,0,0,0,0,0
0.3365960121154785,0,0.0,0.0,0,0,0.0,0.0,0.0,0.0,0,0,0,0,0,0,0
0.3394780158996582,0,0.0,0.0,0,0,0.0,0.0,0.0,0.0,0,0,0,0,0,0,0
0.3409578800201416,0,0.0,0.0,0,0,0.0,0.0,0.0,0.0,0,0,0,0,0,0,0
0.34934234619140625,0,0.0,0.0,0,0,0.0,0.0,0.0,0.0,0,0,0,0,0,0,0
0.3508944511413574,0,0.0,0.0,0,0,0.0,0.0,0.0,0.0,0,0,0,0,0,0,0
0.3527400493621826,0,0.0,0.0,0,0,0.0,0.0,0.0,0.0,0,0,0,0,0,0,0
0.3558952808380127,0,0.0,0.0,0,0,0.0,0.0,0.0,0.0,0,0,0,0,0,0,0
0.3650660514831543,0,0.0,0.0,0,0,0.0,0.0,0.0,0.0,0,0,0,0,0,0,0
0.3661978244781494,0,0.0,0.0,0,0,0.0,0.0,0.0,0.0,0,0,0,0,0,0,0
0.36891913414001465,0,0.0,0.0,0,0,0.0,0.0,0.0,0.0,0,0,0,0,0,0,0
0.3775937557220459,0,0.0,0.0,0,0,0.0,0.0,0.0,0.0,0,0,0,0,0,0,0
0.37912654876708984,0,0.0,0.0,0,0,0.0,0.0,0.0,0.0,0,0,0,0,0,0,0
0.3809840679168701,0,0.0,0.0,0,0,0.0,0.0,0.0,0.0,0,0,0,0,0,0,0
0.3893289566040039,0,0.0,0.0,0,0,0.0,0.0,0.0,0.0,0,0,0,0,0,0,0
0.3924374580383301,0,0.0,0.0,0,0,0.0,0.0,0.0,0.0,0,0,0,0,0,0,0
0.39399194717407227,0,0.0,0.0,0,0,0.0,0.0,0.0,0.0,0,0,0,0,0,0,0
0.3967576026916504,0,0.0,0.0,0,0,0.0,0.0,0.0,0.0,0,0,0,0,0,0,0
0.39969801902770996,0,0.0,0.0,0,0,0.0,0.0,0.0,0.0,0,0,0,0,0,0,0
0.40427470207214355,0,0.0,0.0,0,0,0.0,0.0,0.0,0.0,0,0,0,0,0,0,0
0.4061892032623291,0,0.0,0.0,0,0,0.0,0.0,0.0,0.0,0,0,0,0,0,0,0
0.40746307373046875,0,0.0,0.0,0,0,0.0,0.0,0.0,0.0,0,0,0,0,0,0,0
0.4093639850616455,0,0.0,0.0,0,0,0.0,0.0,0.0,0.0,0,0,0,0,0,0,0
0.4193613529205322,0,0.0,0.0,0,0,0.0,0.0,0.0,0.0,0,0,0,0,0,0,0
0.42057347297668457,0,0.0,0.0,0,0,0.0,0.0,0.0,0.0,0,0,0,0,0,0,0
0.4216344356536865,0,0.0,0.0,0,0,0.0,0.0,0.0,0.0,0,0,0,0,0,0,0
0.4227273464202881,0,0.0,0.0,0,0,0.0,0.0,0.0,0.0,0,0,0,0,0,0,0
0.43262815475463867,0,0.0,0.0,0,0,0.0,0.0,0.0,0.0,0,0,0,0,0,0,0
0.4359419345855713,0,0.0,0.0,0,0,0.0,0.0,0.0,0.0,0,0,0,0,0,0,0
0.4375588893890381,0,0.0,0.0,0,0,0.0,0.0,0.0,0.0,0,0,0,0,0,0,0
0.4393160343170166,0,0.0,0.0,0,0,0.0,0.0,0.0,0.0,0,0,0,0,0,0,0
0.4412057399749756,0,0.0,0.0,0,0,0.0,0.0,0.0,0.0,0,0,0,0,0,0,0
0.4438285827636719,0,0.0,0.0,0,0,0.0,0.0,0.0,0.0,0,0,0,0,0,0,0
0.4473555088043213,0,0.0,0.0,0,0,0.0,0.0,0.0,0.0,0,0,0,0,0,0,0
0.44864559173583984,0,0.0,0.0,0,0,0.0,0.0,0.0,0.0,0,0,0,0,0,0,0
0.45047926902770996,0,0.0,0.0,0,0,0.0,0.0,0.0,0.0,0,0,0,0,0,0,0
0.4520695209503174,0,0.0,0.0,0,0,0.0,0.0,0.0,0.0,0,0,0,0,0,0,0
0.46099328994750977,0,0.0,0.0,0,0,0.0,0.0,0.0,0.0,0,0,0,0,0,0,0
0.4624030590057373,0,0.0,0.0,0,0,0.0,0.0,0.0,0.0,0,0,0,0,0,0,0
0.4634852409362793,0,0.0,0.0,0,0,0.0,0.0,0.0,0.0,0,0,0,0,0,0,0
0.4645571708679199,0,0.0,0.0,0,0,0.0,0.0,0.0,0.0,0,0,0,0,0,0,0
0.47302746772766113,0,0.0,0.0,0,0,0.0,0.0,0.0,0.0,0,0,0,0,0,0,0
0.4762086868286133,0,0.0,0.0,0,0,0.0,0.0,0.0,0.0,0,0,0,0,0,0,0
0.4777870178222656,0,0.0,0.0,0,0,0.0,0.0,0.0,0.0,0,0,0,0,0,0,0
0.48836350440979004,0,0.0,0.0,0,0,0.0,0.0,0.0,0.0,0,0,0,0,0,0,0
0.4900975227355957,0,0.0,0.0,0,0,0.0,0.0,0.0,0.0,0,0,0,0,0,0,0
0.4916849136352539,0,0.0,0.0,0,0,0.0,0.0,0.0,0.0,0,0,0,0,0,0,0
0.500014066696167,0,0.0,0.0,0,0,0.0,0.0,0.0,0.0,0,0,0,0,0,0,0
0.5012462139129639,0,0.0,0.0,0,0,0.0,0.0,0.0,0.0,0,0,0,0,0,0,0
0.502326488494873,0,0.0,0.0,0,0,0.0,0.0,0.0,0.0,0,0,0,0,0,0,0
0.5044429302215576,0,0.0,0.0,0,0,0.0,0.0,0.0,0.0,0,0,0,0,0,0,0
0.5056538581848145,0,0.0,0.0,0,0,0.0,0.0,0.0,0.0,0,0,0,0,0,0,0
0.5090541839599609,0,0.0,0.0,0,0,0.0,0.0,0.0,0.0,0,0,0,0,0,0,0
0.5117032527923584,0,0.0,0.0,0,0,0.0,0.0,0.0,0.0,0,0,0,0,0,0,0
0.5134105682373047,0,0.0,0.0,0,0,0.0,0.0,0.0,0.0,0,0,0,0,0,0,0
0.5146863460540771,0,0.0,0.0,0,0,0.0,0.0,0.0,0.0,0,0,0,0,0,0,0
0.5162034034729004,0,0.0,0.0,0,0,0.0,0.0,0.0,0.0,0,0,0,0,0,0,0
0.5188369750976562,0,0.0,0.0,0,0,0.0,0.0,0.0,0.0,0,0,0,0,0,0,0
0.526256799697876,0,0.0,0.0,0,0,0.0,0.0,0.0,0.0,0,0,0,0,0,0,0
0.5273377895355225,0,0.0,0.0,0,0,0.0,0.0,0.0,0.0,0,0,0,0,0,0,0
0.5286095142364502,0,0.0,0.0,0,0,0.0,0.0,0.0,0.0,0,0,0,0,0,0,0
0.5305576324462891,0,0.0,0.0,0,0,0.0,0.0,0.0,0.0,0,0,0,0,0,0,0
0.5317153930664062,0,0.0,0.0,0,0,0.0,0.0,0.0,0.0,0,0,0,0,0,0,0
0.5391147136688232,0,0.0,0.0,0,0,0.0,0.0,0.0,0.0,0,0,0,0,0,0,0
0.5403783321380615,0,0.0,0.0,0,0,0.0,0.0,0.0,0.0,0,0,0,0,0,0,0
0.5414800643920898,0,0.0,0.0,0,0,0.0,0.0,0.0,0.0,0,0,0,0,0,0,0
0.5427021980285645,0,0.0,0.0,0,0,0.0,0.0,0.0,0.0,0,0,0,0,0,0,0
0.546616792678833,0,0.0,0.0,0,0,0.0,0.0,0.0,0.0,0,0,0,0,0,0,0
0.5511343479156494,0,0.0,0.0,0,0,0.0,0.0,0.0,0.0,0,0,0,0,0,0,0
0.5542080402374268,0,0.0,0.0,0,0,0.0,0.0,0.0,0.0,0,0,0,0,0,0,0
0.5557684898376465,0,0.0,0.0,0,0,0.0,0.0,0.0,0.0,0,0,0,0,0,0,0
0.5634472370147705,0,0.0,0.0,0,0,0.0,0.0,0.0,0.0,0,0,0,0,0,0,0
0.5657355785369873,0,0.0,0.0,0,0,0.0,0.0,0.0,0.0,0,0,0,0,0,0,0
0.566847562789917,0,0.0,0.0,0,0,0.0,0.0,0.0,0.0,0,0,0,0,0,0,0
0.5687451362609863,0,0.0,0.0,0,0,0.0,0.0,0.0,0.0,0,0,0,0,0,0,0
0.5702660083770752,0,0.0,0.0,0,0,0.0,0.0,0.0,0.0,0,0,0,0,0,0,0
0.5773546695709229,0,0.0,0.0,0,0,0.0,0.0,0.0,0.0,0,0,0,0,0,0,0
0.5786974430084229,0,0.0,0.0,0,0,0.0,0.0,0.0,0.0,0,0,0,0,0,0,0
0.5798299312591553,0,0.0,0.0,0,0,0.0,0.0,0.0,0.0,0,0,0,0,0,0,0
0.5808911323547363,0,0.0,0.0,0,0,0.0,0.0,0.0,0.0,0,0,0,0,0,0,0
0.5820298194885254,0,0.0,0.0,0,0,0.0,0.0,0.0,0.0,0,0,0,0,0,0,0
0.5856542587280273,0,0.0,0.0,0,0,0.0,0.0,0.0,0.0,0,0,0,0,0,0,0
0.5878622531890869,0,0.0,0.0,0,0,0.0,0.0,0.0,0.0,0,0,0,0,0,0,0
0.5899941921234131,0,0.0,0.0,0,0,0.0,0.0,0.0,0.0,0,0,0,0,0,0,0
0.5917148590087891,0,0.0,0.0,0,0,0.0,0.0,0.0,0.0,0,0,0,0,0,0,0
0.5928664207458496,0,0.0,0.0,0,0,0.0,0.0,0.0,0.0,0,0,0,0,0,0,0
0.5943608283996582,0,0.0,0.0,0,0,0.0,0.0,0.0,0.0,0,0,0,0,0,0,0
0.5970621109008789,0,0.0,0.0,0,0,0.0,0.0,0.0,0.0,0,0,0,0,0,0,0
0.6048069000244141,0,0.0,0.0,0,0,0.0,0.0,0.0,0.0,0,0,0,0,0,0,0
0.6064023971557617,0,0.0,0.0,0,0,0.0,0.0,0.0,0.0,0,0,0,0,0,0,0
0.6077709197998047,0,0.0,0.0,0,0,0.0,0.0,0.0,0.0,0,0,0,0,0,0,0
0.6169426441192627,0,0.0,0.0,0,0,0.0,0.0,0.0,0.0,0,0,0,0,0,0,0
0.6184005737304688,0,0.0,0.0,0,0,0.0,0.0,0.0,0.0,0,0,0,0,0,0,0
0.6197774410247803,0,0.0,0.0,0,0,0.0,0.0,0.0,0.0,0,0,0,0,0,0,0
0.6278209686279297,0,0.0,0.0,0,0,0.0,0.0,0.0,0.0,0,0,0,0,0,0,0
0.6308262348175049,0,0.0,0.0,0,0,0.0,0.0,0.0,0.0,0,0,0,0,0,0,0
0.632291316986084,0,0.0,0.0,0,0,0.0,0.0,0.0,0.0,0,0,0,0,0,0,0
0.6379363536834717,0,0.0,0.0,0,0,0.0,0.0,0.0,0.0,0,0,0,0,0,0,0
0.6419839859008789,0,0.0,0.0,0,0,0.0,0.0,0.0,0.0,0,0,0,0,0,0,0
0.6443455219268799,0,0.0,0.0,0,0,0.0,0.0,0.0,0.0,0,0,0,0,0,0,0
0.6462035179138184,0,0.0,0.0,0,0,0.0,0.0,0.0,0.0,0,0,0,0,0,0,0
0.6545791625976562,0,0.0,0.0,0,0,0.0,0.0,0.0,0.0,0,0,0,0,0,0,0
0.6557517051696777,0,0.0,0.0,0,0,0.0,0.0,0.0,0.0,0,0,0,0,0,0,0
0.6568312644958496,0,0.0,0.0,0,0,0.0,0.0,0.0,0.0,0,0,0,0,0,0,0
0.6581172943115234,0,0.0,0.0,0,0,0.0,0.0,0.0,0.0,0,0,0,0,0,0,0
0.6595656871795654,0,0.0,0.0,0,0,0.0,0.0,0.0,0.0,0,0,0,0,0,0,0
0.66513991355896,0,0.0,0.0,0,0,0.0,0.0,0.0,0.0,0,0,0,0,0,0,0
0.6662194728851318,0,0.0,0.0,0,0,0.0,0.0,0.0,0.0,0,0,0,0,0,0,0
0.668886661529541,0,0.0,0.0,0,0,0.0,0.0,0.0,0.0,0,0,0,0,0,0,0
0.6703193187713623,0,0.0,0.0,0,0,0.0,0.0,0.0,0.0,0,0,0,0,0,0,0
0.673414945602417,0,0.0,0.0,0,0,0.0,0.0,0.0,0.0,0,0,0,0,0,0,0
0.6800882816314697,0,0.0,0.0,0,0,0.0,0.0,0.0,0.0,0,0,0,0,0,0,0
0.6814141273498535,0,0.0,0.0,0,0,0.0,0.0,0.0,0.0,0,0,0,0,0,0,0
0.6826748847961426,0,0.0,0.0,0,0,0.0,0.0,0.0,0.0,0,0,0,0,0,0,0
0.6841914653778076,0,0.0,0.0,0,0,0.0,0.0,0.0,0.0,0,0,0,0,0,0,0
0.6896510124206543,0,0.0,0.0,0,0,0.0,0.0,0.0,0.0,0,0,0,0,0,0,0
0.6936724185943604,0,0.0,0.0,0,0,0.0,0.0,0.0,0.0,0,0,0,0,0,0,0
0.6948387622833252,0,0.0,0.0,0,0,0.0,0.0,0.0,0.0,0,0,0,0,0,0,0
0.6961090564727783,0,0.0,0.0,0,0,0.0,0.0,0.0,0.0,0,0,0,0,0,0,0
0.7039828300476074,0,0.0,0.0,0,0,0.0,0.0,0.0,0.0,0,0,0,0,0,0,0
0.7085249423980713,0,0.0,0.0,0,0,0.0,0.0,0.0,0.0,0,0,0,0,0,0,0
0.7195148468017578,0,0.0,0.0,0,0,0.0,0.0,0.0,0.0,0,0,0,0,0,0,0
0.7211446762084961,0,0.0,0.0,0,0,0.0,0.0,0.0,0.0,0,0,0,0,0,0,0
0.7228684425354004,0,0.0,0.0,0,0,0.0,0.0,0.0,0.0,0,0,0,0,0,0,0
0.7320089340209961,0,0.0,0.0,0,0,0.0,0.0,0.0,0.0,0,0,0,0,0,0,0
0.733177900314331,0,0.0,0.0,0,0,0.0,0.0,0.0,0.0,0,0,0,0,0,0,0
0.7344627380371094,0,0.0,0.0,0,0,0.0,0.0,0.0,0.0,0,0,0,0,0,0,0
0.7425510883331299,0,0.0,0.0,0,0,0.0,0.0,0.0,0.0,0,0,0,0,0,0,0
0.7454726696014404,0,0.0,0.0,0,0,0.0,0.0,0.0,0.0,0,0,0,0,0,0,0
0.7468357086181641,0,0.0,0.0,0,0,0.0,0.0,0.0,0.0,0,0,0,0,0,0,0
0.7480974197387695,0,0.0,0.0,0,0,0.0,0.0,0.0,0.0,0,0,0,0,0,0,0
0.7564623355865479,0,0.0,0.0,0,0,0.0,0.0,0.0,0.0,0,0,0,0,0,0,0
0.7576289176940918,0,0.0,0.0,0,0,0.0,0.0,0.0,0.0,0,0,0,0,0,0,0
0.7592079639434814,0,0.0,0.0,0,0,0.0,0.0,0.0,0.0,0,0,0,0,0,0,0
0.7606685161590576,0,0.0,0.0,0,0,0.0,0.0,0.0,0.0,0,0,0,0,0,0,0
0.7706739902496338,0,0.0,0.0,0,0,0.0,0.0,0.0,0.0,0,0,0,0,0,0,0
0.7717373371124268,0,0.0,0.0,0,0,0.0,0.0,0.0,0.0,0,0,0,0,0,0,0
0.7729752063751221,0,0.0,0.0,0,0,0.0,0.0,0.0,0.0,0,0,0,0,0,0,0
0.7793455123901367,0,0.0,0.0,0,0,0.0,0.0,0.0,0.0,0,0,0,0,0,0,0
0.7811062335968018,0,0.0,0.0,0,0,0.0,0.0,0.0,0.0,0,0,0,0,0,0,0
0.7845335006713867,0,0.0,0.0,0,0,0.0,0.0,0.0,0.0,0,0,0,0,0,0,0
0.7863101959228516,0,0.0,0.0,0,0,0.0,0.0,0.0,0.0,0,0,0,0,0,0,0
0.7888190746307373,0,0.0,0.0,0,0,0.0,0.0,0.0,0.0,0,0,0,0,0,0,0
0.7925000190734863,0,0.0,0.0,0,0,0.0,0.0,0.0,0.0,0,0,0,0,0,0,0
0.7976644039154053,0,0.0,0.0,0,0,0.0,0.0,0.0,0.0,0,0,0,0,0,0,0
0.7995529174804688,0,0.0,0.0,0,0,0.0,0.0,0.0,0.0,0,0,0,0,0,0,0
0.8010551929473877,0,0.0,0.0,0,0,0.0,0.0,0.0,0.0,0,0,0,0,0,0,0
0.811190128326416,0,0.0,0.0,0,0,0.0,0.0,0.0,0.0,0,0,0,0,0,0,0
0.812741756439209,0,0.0,0.0,0,0,0.0,0.0,0.0,0.0,0,0,0,0,0,0,0
0.8138227462768555,0,0.0,0.0,0,0,0.0,0.0,0.0,0.0,0,0,0,0,0,0,0
0.8228371143341064,0,0.0,0.0,0,0,0.0,0.0,0.0,0.0,0,0,0,0,0,0,0
0.8259768486022949,0,0.0,0.0,0,0,0.0,0.0,0.0,0.0,0,0,0,0,0,0,0
0.8276188373565674,0,0.0,0.0,0,0,0.0,0.0,0.0,0.0,0,0,0,0,0,0,0
0.8292229175567627,0,0.0,0.0,0,0,0.0,0.0,0.0,0.0,0,0,0,0,0,0,0
0.8388361930847168,0,0.0,0.0,0,0,0.0,0.0,0.0,0.0,0,0,0,0,0,0,0
0.8400654792785645,0,0.0,0.0,0,0,0.0,0.0,0.0,0.0,0,0,0,0,0,0,0
0.841942548751831,0,0.0,0.0,0,0,0.0,0.0,0.0,0.0,0,0,0,0,0,0,0
0.843435525894165,0,0.0,0.0,0,0,0.0,0.0,0.0,0.0,0,0,0,0,0,0,0
0.8502209186553955,0,0.0,0.0,0,0,0.0,0.0,0.0,0.0,0,0,0,0,0,0,0
0.8513350486755371,0,0.0,0.0,0,0,0.0,0.0,0.0,0.0,0,0,0,0,0,0,0
0.8524563312530518,0,0.0,0.0,0,0,0.0,0.0,0.0,0.0,0,0,0,0,0,0,0
0.8535246849060059,0,0.0,0.0,0,0,0.0,0.0,0.0,0.0,0,0,0,0,0,0,0
0.855614423751831,0,0.0,0.0,0,0,0.0,0.0,0.0,0.0,0,0,0,0,0,0,0
0.8629260063171387,0,0.0,0.0,0,0,0.0,0.0,0.0,0.0,0,0,0,0,0,0,0
0.8647005558013916,0,0.0,0.0,0,0,0.0,0.0,0.0,0.0,0,0,0,0,0,0,0
0.8660430908203125,0,0.0,0.0,0,0,0.0,0.0,0.0,0.0,0,0,0,0,0,0,0
0.8730883598327637,0,0.0,0.0,0,0,0.0,0.0,0.0,0.0,0,0,0,0,0,0,0
0.8771166801452637,0,0.0,0.0,0,0,0.0,0.0,0.0,0.0,0,0,0,0,0,0,0
0.8788774013519287,0,0.0,0.0,0,0,0.0,0.0,0.0,0.0,0,0,0,0,0,0,0
0.8804056644439697,0,0.0,0.0,0,0,0.0,0.0,0.0,0.0,0,0,0,0,0,0,0
0.8885624408721924,0,0.0,0.0,0,0,0.0,0.0,0.0,0.0,0,0,0,0,0,0,0
0.8909075260162354,0,0.0,0.0,0,0,0.0,0.0,0.0,0.0,0,0,0,0,0,0,0
0.8923056125640869,0,0.0,0.0,0,0,0.0,0.0,0.0,0.0,0,0,0,0,0,0,0
0.8973681926727295,0,0.0,0.0,0,0,0.0,0.0,0.0,0.0,0,0,0,0,0,0,0
0.9002914428710938,0,0.0,0.0,0,0,0.0,0.0,0.0,0.0,0,0,0,0,0,0,0
0.9031651020050049,0,0.0,0.0,0,0,0.0,0.0,0.0,0.0,0,0,0,0,0,0,0
0.9047932624816895,0,0.0,0.0,0,0,0.0,0.0,0.0,0.0,0,0,0,0,0,0,0
0.9065890312194824,0,0.0,0.0,0,0,0.0,0.0,0.0,0.0,0,0,0,0,0,0,0
0.9117696285247803,0,0.0,0.0,0,0,0.0,0.0,0.0,0.0,0,0,0,0,0,0,0
0.9133539199829102,0,0.0,0.0,0,0,0.0,0.0,0.0,0.0,0,0,0,0,0,0,0
0.9144361019134521,0,0.0,0.0,0,0,0.0,0.0,0.0,0.0,0,0,0,0,0,0,0
0.9160659313201904,0,0.0,0.0,0,0,0.0,0.0,0.0,0.0,0,0,0,0,0,0,0
0.9175751209259033,0,0.0,0.0,0,0,0.0,0.0,0.0,0.0,0,0,0,0,0,0,0
0.9225611686706543,0,0.0,0.0,0,0,0.0,0.0,0.0,0.0,0,0,0,0,0,0,0
0.9262027740478516,0,0.0,0.0,0,0,0.0,0.0,0.0,0.0,0,0,0,0,0,0,0
0.9273788928985596,0,0.0,0.0,0,0,0.0,0.0,0.0,0.0,0,0,0,0,0,0,0
0.9286680221557617,0,0.0,0.0,0,0,0.0,0.0,0.0,0.0,0,0,0,0,0,0,0
0.9357554912567139,0,0.0,0.0,0,0,0.0,0.0,0.0,0.0,0,0,0,0,0,0,0
0.936835527420044,0,0.0,0.0,0,0,0.0,0.0,0.0,0.0,0,0,0,0,0,0,0
0.9397988319396973,0,0.0,0.0,0,0,0.0,0.0,0.0,0.0,0,0,0,0,0,0,0
0.9412572383880615,0,0.0,0.0,0,0,0.0,0.0,0.0,0.0,0,0,0,0,0,0,0
0.9465084075927734,0,0.0,0.0,0,0,0.0,0.0,0.0,0.0,0,0,0,0,0,0,0
0.9500644207000732,0,0.0,0.0,0,0,0.0,0.0,0.0,0.0,0,0,0,0,0,0,0
0.9516141414642334,0,0.0,0.0,0,0,0.0,0.0,0.0,0.0,0,0,0,0,0,0,0
0.9526975154876709,0,0.0,0.0,0,0,0.0,0.0,0.0,0.0,0,0,0,0,0,0,0
0.9621214866638184,0,0.0,0.0,0,0,0.0,0.0,0.0,0.0,0,0,0,0,0,0,0
0.9632458686828613,0,0.0,0.0,0,0,0.0,0.0,0.0,0.0,0,0,0,0,0,0,0
0.9643261432647705,0,0.0,0.0,0,0,0.0,0.0,0.0,0.0,0,0,0,0,0,0,0
0.9731907844543457,0,0.0,0.0,0,0,0.0,0.0,0.0,0.0,0,0,0,0,0,0,0
0.9761841297149658,0,0.0,0.0,0,0,0.0,0.0,0.0,0.0,0,0,0,0,0,0,0
0.9779553413391113,0,0.0,0.0,0,0,0.0,0.0,0.0,0.0,0,0,0,0,0,0,0
0.9797420501708984,0,0.0,0.0,0,0,0.0,0.0,0.0,0.0,0,0,0,0,0,0,0
0.9887516498565674,0,0.0,0.0,0,0,0.0,0.0,0.0,0.0,0,0,0,0,0,0,0
0.9901268482208252,0,0.0,0.0,0,0,0.0,0.0,0.0,0.0,0,0,0,0,0,0,0
0.9920120239257812,0,0.0,0.0,0,0,0.0,0.0,0.0,0.0,0,0,0,0,0,0,0
1.000218391418457,0,0.0,0.0,0,0,0.0,0.0,0.0,0.0,0,0,0,0,0,0,0
1.0013086795806885,0,0.0,0.0,0,0,0.0,0.0,0.0,0.0,0,0,0,0,0,0,0
1.0038785934448242,0,0.0,0.0,0,0,0.0,0.0,0.0,0.0,0,0,0,0,0,0,0
1.012244701385498,0,0.0,0.0,0,0,0.0,0.0,0.0,0.0,0,0,0,0,0,0,0
1.0156328678131104,0,0.0,0.0,0,0,0.0,0.0,0.0,0.0,0,0,0,0,0,0,0
1.0171995162963867,0,0.0,0.0,0,0,0.0,0.0,0.0,0.0,0,0,0,0,0,0,0
1.0194129943847656,0,0.0,0.0,0,0,0.0,0.0,0.0,0.0,0,0,0,0,0,0,0
1.0215551853179932,0,0.0,0.0,0,0,0.0,0.0,0.0,0.0,0,0,0,0,0,0,0
1.0242726802825928,0,0.0,0.0,0,0,0.0,0.0,0.0,0.0,0,0,0,0,0,0,0
1.0273611545562744,0,0.0,0.0,0,0,0.0,0.0,0.0,0.0,0,0,0,0,0,0,0
1.0289592742919922,0,0.0,0.0,0,0,0.0,0.0,0.0,0.0,0,0,0,0,0,0,0
1.030470848083496,0,0.0,0.0,0,0,0.0,0.0,0.0,0.0,0,0,0,0,0,0,0
1.0398530960083008,0,0.0,0.0,0,0,0.0,0.0,0.0,0.0,0,0,0,0,0,0,0
1.0412287712097168,0,0.0,0.0,0,0,0.0,0.0,0.0,0.0,0,0,0,0,0,0,0
1.0426428318023682,0,0.0,0.0,0,0,0.0,0.0,0.0,0.0,0,0,0,0,0,0,0
1.0506486892700195,0,0.0,0.0,0,0,0.0,0.0,0.0,0.0,0,0,0,0,0,0,0
1.0536775588989258,0,0.0,0.0,0,0,0.0,0.0,0.0,0.0,0,0,0,0,0,0,0
1.055058240890503,0,0.0,0.0,0,0,0.0,0.0,0.0,0.0,0,0,0,0,0,0,0
1.0651180744171143,0,0.0,0.0,0,0,0.0,0.0,0.0,0.0,0,0,0,0,0,0,0
1.06717848777771,0,0.0,0.0,0,0,0.0,0.0,0.0,0.0,0,0,0,0,0,0,0
1.068650484085083,0,0.0,0.0,0,0,0.0,0.0,0.0,0.0,0,0,0,0,0,0,0
1.0708897113800049,0,0.0,0.0,0,0,0.0,0.0,0.0,0.0,0,0,0,0,0,0,0
1.0774214267730713,0,0.0,0.0,0,0,0.0,0.0,0.0,0.0,0,0,0,0,0,0,0
1.0786738395690918,0,0.0,0.0,0,0,0.0,0.0,0.0,0.0,0,0,0,0,0,0,0
1.0815978050231934,0,0.0,0.0,0,0,0.0,0.0,0.0,0.0,0,0,0,0,0,0,0
1.0883865356445312,0,0.0,0.0,0,0,0.0,0.0,0.0,0.0,0,0,0,0,0,0,0
1.0895211696624756,0,0.0,0.0,0,0,0.0,0.0,0.0,0.0,0,0,0,0,0,0,0
1.091102123260498,0,0.0,0.0,0,0,0.0,0.0,0.0,0.0,0,0,0,0,0,0,0
1.0925359725952148,0,0.0,0.0,0,0,0.0,0.0,0.0,0.0,0,0,0,0,0,0,0
1.0973901748657227,0,0.0,0.0,0,0,0.0,0.0,0.0,0.0,0,0,0,0,0,0,0
1.0997326374053955,0,0.0,0.0,0,0,0.0,0.0,0.0,0.0,0,0,0,0,0,0,0
1.1019809246063232,0,0.0,0.0,0,0,0.0,0.0,0.0,0.0,0,0,0,0,0,0,0
1.1035473346710205,0,0.0,0.0,0,0,0.0,0.0,0.0,0.0,0,0,0,0,0,0,0
1.1046407222747803,0,0.0,0.0,0,0,0.0,0.0,0.0,0.0,0,0,0,0,0,0,0
1.1061921119689941,0,0.0,0.0,0,0,0.0,0.0,0.0,0.0,0,0,0,0,0,0,0
1.1147964000701904,0,0.0,0.0,0,0,0.0,0.0,0.0,0.0,0,0,0,0,0,0,0
1.1160526275634766,0,0.0,0.0,0,0,0.0,0.0,0.0,0.0,0,0,0,0,0,0,0
1.1176509857177734,0,0.0,0.0,0,0,0.0,0.0,0.0,0.0,0,0,0,0,0,0,0
1.1214542388916016,0,0.0,0.0,0,0,0.0,0.0,0.0,0.0,0,0,0,0,0,0,0
1.1231374740600586,0,0.0,0.0,0,0,0.0,0.0,0.0,0.0,0,0,0,0,0,0,0
1.1244816780090332,0,0.0,0.0,0,0,0.0,0.0,0.0,0.0,0,0,0,0,0,0,0
1.1255805492401123,0,0.0,0.0,0,0,0.0,0.0,0.0,0.0,0,0,0,0,0,0,0
1.1283667087554932,0,0.0,0.0,0,0,0.0,0.0,0.0,0.0,0,0,0,0,0,0,0
1.129925012588501,0,0.0,0.0,0,0,0.0,0.0,0.0,0.0,0,0,0,0,0,0,0
1.1340978145599365,0,0.0,0.0,0,0,0.0,0.0,0.0,0.0,0,0,0,0,0,0,0
1.1389846801757812,0,0.0,0.0,0,0,0.0,0.0,0.0,0.0,0,0,0,0,0,0,0
1.1403617858886719,0,0.0,0.0,0,0,0.0,0.0,0.0,0.0,0,0,0,0,0,0,0
1.141597032546997,0,0.0,0.0,0,0,0.0,0.0,0.0,0.0,0,0,0,0,0,0,0
1.1431586742401123,0,0.0,0.0,0,0,0.0,0.0,0.0,0.0,0,0,0,0,0,0,0
1.1463561058044434,0,0.0,0.0,0,0,0.0,0.0,0.0,0.0,0,0,0,0,0,0,0
1.1515603065490723,0,0.0,0.0,0,0,0.0,0.0,0.0,0.0,0,0,0,0,0,0,0
1.1527745723724365,0,0.0,0.0,0,0,0.0,0.0,0.0,0.0,0,0,0,0,0,0,0
1.1538546085357666,0,0.0,0.0,0,0,0.0,0.0,0.0,0.0,0,0,0,0,0,0,0
1.1550304889678955,0,0.0,0.0,0,0,0.0,0.0,0.0,0.0,0,0,0,0,0,0,0
1.1633267402648926,0,0.0,0.0,0,0,0.0,0.0,0.0,0.0,0,0,0,0,0,0,0
1.1665208339691162,0,0.0,0.0,0,0,0.0,0.0,0.0,0.0,0,0,0,0,0,0,0
1.1679234504699707,0,0.0,0.0,0,0,0.0,0.0,0.0,0.0,0,0,0,0,0,0,0
1.1691515445709229,0,0.0,0.0,0,0,0.0,0.0,0.0,0.0,0,0,0,0,0,0,0
1.1790812015533447,0,0.0,0.0,0,0,0.0,0.0,0.0,0.0,0,0,0,0,0,0,0
1.180288314819336,0,0.0,0.0,0,0,0.0,0.0,0.0,0.0,0,0,0,0,0,0,0
1.1819183826446533,0,0.0,0.0,0,0,0.0,0.0,0.0,0.0,0,0,0,0,0,0,0
1.1877720355987549,0,0.0,0.0,0,0,0.0,0.0,0.0,0.0,0,0,0,0,0,0,0
1.1894543170928955,0,0.0,0.0,0,0,0.0,0.0,0.0,0.0,0,0,0,0,0,0,0
1.1916091442108154,0,0.0,0.0,0,0,0.0,0.0,0.0,0.0,0,0,0,0,0,0,0
1.1930954456329346,0,0.0,0.0,0,0,0.0,0.0,0.0,0.0,0,0,0,0,0,0,0
1.1946296691894531,0,0.0,0.0,0,0,0.0,0.0,0.0,0.0,0,0,0,0,0,0,0
1.19572114944458,0,0.0,0.0,0,0,0.0,0.0,0.0,0.0,0,0,0,0,0,0,0
1.1994872093200684,0,0.0,0.0,0,0,0.0,0.0,0.0,0.0,0,0,0,0,0,0,0
1.203770637512207,0,0.0,0.0,0,0,0.0,0.0,0.0,0.0,0,0,0,0,0,0,0
1.2081985473632812,0,0.0,0.0,0,0,0.0,0.0,0.0,0.0,0,0,0,0,0,0,0
1.2192022800445557,0,0.0,0.0,0,0,0.0,0.0,0.0,0.0,0,0,0,0,0,0,0
1.2212190628051758,0,0.0,0.0,0,0,0.0,0.0,0.0,0.0,0,0,0,0,0,0,0
1.2225494384765625,0,0.0,0.0,0,0,0.0,0.0,0.0,0.0,0,0,0,0,0,0,0
1.2307977676391602,0,0.0,0.0,0,0,0.0,0.0,0.0,0.0,0,0,0,0,0,0,0
1.231889247894287,0,0.0,0.0,0,0,0.0,0.0,0.0,0.0,0,0,0,0,0,0,0
1.2329683303833008,0,0.0,0.0,0,0,0.0,0.0,0.0,0.0,0,0,0,0,0,0,0
1.2345187664031982,0,0.0,0.0,0,0,0.0,0.0,0.0,0.0,0,0,0,0,0,0,0
1.2410871982574463,0,0.0,0.0,0,0,0.0,0.0,0.0,0.0,0,0,0,0,0,0,0
1.2422757148742676,0,0.0,0.0,0,0,0.0,0.0,0.0,0.0,0,0,0,0,0,0,0
1.2451670169830322,0,0.0,0.0,0,0,0.0,0.0,0.0,0.0,0,0,0,0,0,0,0
1.2465832233428955,0,0.0,0.0,0,0,0.0,0.0,0.0,0.0,0,0,0,0,0,0,0
1.2569985389709473,0,0.0,0.0,0,0,0.0,0.0,0.0,0.0,0,0,0,0,0,0,0
1.2582690715789795,0,0.0,0.0,0,0,0.0,0.0,0.0,0.0,0,0,0,0,0,0,0
1.259509801864624,0,0.0,0.0,0,0,0.0,0.0,0.0,0.0,0,0,0,0,0,0,0
1.2681944370269775,0,0.0,0.0,0,0,0.0,0.0,0.0,0.0,0,0,0,0,0,0,0
1.269453525543213,0,0.0,0.0,0,0,0.0,0.0,0.0,0.0,0,0,0,0,0,0,0
1.2711694240570068,0,0.0,0.0,0,0,0.0,0.0,0.0,0.0,0,0,0,0,0,0,0
1.272552251815796,0,0.0,0.0,0,0,0.0,0.0,0.0,0.0,0,0,0,0,0,0,0
1.2777719497680664,0,0.0,0.0,0,0,0.0,0.0,0.0,0.0,0,0,0,0,0,0,0
1.2806782722473145,0,0.0,0.0,0,0,0.0,0.0,0.0,0.0,0,0,0,0,0,0,0
1.283540964126587,0,0.0,0.0,0,0,0.0,0.0,0.0,0.0,0,0,0,0,0,0,0
1.2854318618774414,0,0.0,0.0,0,0,0.0,0.0,0.0,0.0,0,0,0,0,0,0,0
1.2865357398986816,0,0.0,0.0,0,0,0.0,0.0,0.0,0.0,0,0,0,0,0,0,0
1.2876410484313965,0,0.0,0.0,0,0,0.0,0.0,0.0,0.0,0,0,0,0,0,0,0
1.2896268367767334,0,0.0,0.0,0,0,0.0,0.0,0.0,0.0,0,0,0,0,0,0,0
1.2948517799377441,0,0.0,0.0,0,0,0.0,0.0,0.0,0.0,0,0,0,0,0,0,0
1.2964680194854736,0,0.0,0.0,0,0,0.0,0.0,0.0,0.0,0,0,0,0,0,0,0
1.2977044582366943,0,0.0,0.0,0,0,0.0,0.0,0.0,0.0,0,0,0,0,0,0,0
1.2995526790618896,0,0.0,0.0,0,0,0.0,0.0,0.0,0.0,0,0,0,0,0,0,0
1.3037009239196777,0,0.0,0.0,0,0,0.0,0.0,0.0,0.0,0,0,0,0,0,0,0
1.308556318283081,0,0.0,0.0,0,0,0.0,0.0,0.0,0.0,0,0,0,0,0,0,0
1.309795618057251,0,0.0,0.0,0,0,0.0,0.0,0.0,0.0,0,0,0,0,0,0,0
1.3110384941101074,0,0.0,0.0,0,0,0.0,0.0,0.0,0.0,0,0,0,0,0,0,0
1.3164477348327637,0,0.0,0.0,0,0,0.0,0.0,0.0,0.0,0,0,0,0,0,0,0
1.3223373889923096,0,0.0,0.0,0,0,0.0,0.0,0.0,0.0,0,0,0,0,0,0,0
1.3238577842712402,0,0.0,0.0,0,0,0.0,0.0,0.0,0.0,0,0,0,0,0,0,0
1.3349108695983887,0,0.0,0.0,0,0,0.0,0.0,0.0,0.0,0,0,0,0,0,0,0
1.336573839187622,0,0.0,0.0,0,0,0.0,0.0,0.0,0.0,0,0,0,0,0,0,0
1.3380765914916992,0,0.0,0.0,0,0,0.0,0.0,0.0,0.0,0,0,0,0,0,0,0
1.3479912281036377,0,0.0,0.0,0,0,0.0,0.0,0.0,0.0,0,0,0,0,0,0,0
1.349071741104126,0,0.0,0.0,0,0,0.0,0.0,0.0,0.0,0,0,0,0,0,0,0
1.350184679031372,0,0.0,0.0,0,0,0.0,0.0,0.0,0.0,0,0,0,0,0,0,0
1.3528566360473633,0,0.0,0.0,0,0,0.0,0.0,0.0,0.0,0,0,0,0,0,0,0
1.3552122116088867,0,0.0,0.0,0,0,0.0,0.0,0.0,0.0,0,0,0,0,0,0,0
1.3580946922302246,0,0.0,0.0,0,0,0.0,0.0,0.0,0.0,0,0,0,0,0,0,0
1.3608932495117188,0,0.0,0.0,0,0,0.0,0.0,0.0,0.0,0,0,0,0,0,0,0
1.3627979755401611,0,0.0,0.0,0,0,0.0,0.0,0.0,0.0,0,0,0,0,0,0,0
1.3638842105865479,0,0.0,0.0,0,0,0.0,0.0,0.0,0.0,0,0,0,0,0,0,0
1.3734607696533203,0,0.0,0.0,0,0,0.0,0.0,0.0,0.0,0,0,0,0,0,0,0
1.3750896453857422,0,0.0,0.0,0,0,0.0,0.0,0.0,0.0,0,0,0,0,0,0,0
1.3768069744110107,0,0.0,0.0,0,0,0.0,0.0,0.0,0.0,0,0,0,0,0,0,0
1.385667085647583,0,0.0,0.0,0,0,0.0,0.0,0.0,0.0,0,0,0,0,0,0,0
1.3868820667266846,0,0.0,0.0,0,0,0.0,0.0,0.0,0.0,0,0,0,0,0,0,0
1.38796067237854,0,0.0,0.0,0,0,0.0,0.0,0.0,0.0,0,0,0,0,0,0,0
1.389125108718872,0,0.0,0.0,0,0,0.0,0.0,0.0,0.0,0,0,0,0,0,0,0
1.3975188732147217,0,0.0,0.0,0,0,0.0,0.0,0.0,0.0,0,0,0,0,0,0,0
1.3993644714355469,0,0.0,0.0,0,0,0.0,0.0,0.0,0.0,0,0,0,0,0,0,0
1.4005582332611084,0,0.0,0.0,0,0,0.0,0.0,0.0,0.0,0,0,0,0,0,0,0
1.402453899383545,0,0.0,0.0,0,0,0.0,0.0,0.0,0.0,0,0,0,0,0,0,0
1.4076309204101562,0,0.0,0.0,0,0,0.0,0.0,0.0,0.0,0,0,0,0,0,0,0
1.4136474132537842,0,0.0,0.0,0,0,0.0,0.0,0.0,0.0,0,0,0,0,0,0,0
1.4155385494232178,0,0.0,0.0,0,0,0.0,0.0,0.0,0.0,0,0,0,0,0,0,0
1.4170701503753662,0,0.0,0.0,0,0,0.0,0.0,0.0,0.0,0,0,0,0,0,0,0
1.4254553318023682,0,0.0,0.0,0,0,0.0,0.0,0.0,0.0,0,0,0,0,0,0,0
1.4268560409545898,0,0.0,0.0,0,0,0.0,0.0,0.0,0.0,0,0,0,0,0,0,0
1.4280648231506348,0,0.0,0.0,0,0,0.0,0.0,0.0,0.0,0,0,0,0,0,0,0
1.4293582439422607,0,0.0,0.0,0,0,0.0,0.0,0.0,0.0,0,0,0,0,0,0,0
1.4357028007507324,0,0.0,0.0,0,0,0.0,0.0,0.0,0.0,0,0,0,0,0,0,0
1.437483787536621,0,0.0,0.0,0,0,0.0,0.0,0.0,0.0,0,0,0,0,0,0,0
1.4403479099273682,0,0.0,0.0,0,0,0.0,0.0,0.0,0.0,0,0,0,0,0,0,0
1.442018747329712,0,0.0,0.0,0,0,0.0,0.0,0.0,0.0,0,0,0,0,0,0,0
1.444145917892456,0,0.0,0.0,0,0,0.0,0.0,0.0,0.0,0,0,0,0,0,0,0
1.4517099857330322,0,0.0,0.0,0,0,0.0,0.0,0.0,0.0,0,0,0,0,0,0,0
1.4527931213378906,0,0.0,0.0,0,0,0.0,0.0,0.0,0.0,0,0,0,0,0,0,0
1.454629898071289,0,0.0,0.0,0,0,0.0,0.0,0.0,0.0,0,0,0,0,0,0,0
1.460923433303833,0,0.0,0.0,0,0,0.0,0.0,0.0,0.0,0,0,0,0,0,0,0
1.4646811485290527,0,0.0,0.0,0,0,0.0,0.0,0.0,0.0,0,0,0,0,0,0,0
1.4658739566802979,0,0.0,0.0,0,0,0.0,0.0,0.0,0.0,0,0,0,0,0,0,0
1.4669537544250488,0,0.0,0.0,0,0,0.0,0.0,0.0,0.0,0,0,0,0,0,0,0
1.4681308269500732,0,0.0,0.0,0,0,0.0,0.0,0.0,0.0,0,0,0,0,0,0,0
1.4762170314788818,0,0.0,0.0,0,0,0.0,0.0,0.0,0.0,0,0,0,0,0,0,0
1.4789965152740479,0,0.0,0.0,0,0,0.0,0.0,0.0,0.0,0,0,0,0,0,0,0
1.480468511581421,0,0.0,0.0,0,0,0.0,0.0,0.0,0.0,0,0,0,0,0,0,0
1.4894967079162598,0,0.0,0.0,0,0,0.0,0.0,0.0,0.0,0,0,0,0,0,0,0
1.4911022186279297,0,0.0,0.0,0,0,0.0,0.0,0.0,0.0,0,0,0,0,0,0,0
1.4928829669952393,0,0.0,0.0,0,0,0.0,0.0,0.0,0.0,0,0,0,0,0,0,0
1.4943406581878662,0,0.0,0.0,0,0,0.0,0.0,0.0,0.0,0,0,0,0,0,0,0
1.4959092140197754,0,0.0,0.0,0,0,0.0,0.0,0.0,0.0,0,0,0,0,0,0,0
1.5033650398254395,0,0.0,0.0,0,0,0.0,0.0,0.0,0.0,0,0,0,0,0,0,0
1.50445556640625,0,0.0,0.0,0,0,0.0,0.0,0.0,0.0,0,0,0,0,0,0,0
1.5055160522460938,0,0.0,0.0,0,0,0.0,0.0,0.0,0.0,0,0,0,0,0,0,0
1.5068366527557373,0,0.0,0.0,0,0,0.0,0.0,0.0,0.0,0,0,0,0,0,0,0
1.51412034034729,0,0.0,0.0,0,0,0.0,0.0,0.0,0.0,0,0,0,0,0,0,0
1.5152130126953125,0,0.0,0.0,0,0,0.0,0.0,0.0,0.0,0,0,0,0,0,0,0
1.5178024768829346,0,0.0,0.0,0,0,0.0,0.0,0.0,0.0,0,0,0,0,0,0,0
1.5191702842712402,0,0.0,0.0,0,0,0.0,0.0,0.0,0.0,0,0,0,0,0,0,0
1.526855707168579,0,0.0,0.0,0,0,0.0,0.0,0.0,0.0,0,0,0,0,0,0,0
1.5296258926391602,0,0.0,0.0,0,0,0.0,0.0,0.0,0.0,0,0,0,0,0,0,0
1.531797170639038,0,0.0,0.0,0,0,0.0,0.0,0.0,0.0,0,0,0,0,0,0,0
1.5333547592163086,0,0.0,0.0,0,0,0.0,0.0,0.0,0.0,0,0,0,0,0,0,0
1.542548656463623,0,0.0,0.0,0,0,0.0,0.0,0.0,0.0,0,0,0,0,0,0,0
1.5437283515930176,0,0.0,0.0,0,0,0.0,0.0,0.0,0.0,0,0,0,0,0,0,0
1.54599928855896,0,0.0,0.0,0,0,0.0,0.0,0.0,0.0,0,0,0,0,0,0,0
1.548097848892212,0,0.0,0.0,0,0,0.0,0.0,0.0,0.0,0,0,0,0,0,0,0
1.5543131828308105,0,0.0,0.0,0,0,0.0,0.0,0.0,0.0,0,0,0,0,0,0,0
1.5571045875549316,0,0.0,0.0,0,0,0.0,0.0,0.0,0.0,0,0,0,0,0,0,0
1.5592494010925293,0,0.0,0.0,0,0,0.0,0.0,0.0,0.0,0,0,0,0,0,0,0
1.5614142417907715,0,0.0,0.0,0,0,0.0,0.0,0.0,0.0,0,0,0,0,0,0,0
1.569941520690918,0,0.0,0.0,0,0,0.0,0.0,0.0,0.0,0,0,0,0,0,0,0
1.5710234642028809,0,0.0,0.0,0,0,0.0,0.0,0.0,0.0,0,0,0,0,0,0,0
1.573289394378662,0,0.0,0.0,0,0,0.0,0.0,0.0,0.0,0,0,0,0,0,0,0
1.5753061771392822,0,0.0,0.0,0,0,0.0,0.0,0.0,0.0,0,0,0,0,0,0,0
1.5844342708587646,0,0.0,0.0,0,0,0.0,0.0,0.0,0.0,0,0,0,0,0,0,0
1.5856270790100098,0,0.0,0.0,0,0,0.0,0.0,0.0,0.0,0,0,0,0,0,0,0
1.5875372886657715,0,0.0,0.0,0,0,0.0,0.0,0.0,0.0,0,0,0,0,0,0,0
1.5891821384429932,0,0.0,0.0,0,0,0.0,0.0,0.0,0.0,0,0,0,0,0,0,0
1.5949933528900146,0,0.0,0.0,0,0,0.0,0.0,0.0,0.0,0,0,0,0,0,0,0
1.5966663360595703,0,0.0,0.0,0,0,0.0,0.0,0.0,0.0,0,0,0,0,0,0,0
1.5977578163146973,0,0.0,0.0,0,0,0.0,0.0,0.0,0.0,0,0,0,0,0,0,0
1.599278450012207,0,0.0,0.0,0,0,0.0,0.0,0.0,0.0,0,0,0,0,0,0,0
1.610346794128418,0,0.0,0.0,0,0,0.0,0.0,0.0,0.0,0,0,0,0,0,0,0
1.6116416454315186,0,0.0,0.0,0,0,0.0,0.0,0.0,0.0,0,0,0,0,0,0,0
1.612900733947754,0,0.0,0.0,0,0,0.0,0.0,0.0,0.0,0,0,0,0,0,0,0
1.6160037517547607,0,0.0,0.0,0,0,0.0,0.0,0.0,0.0,0,0,0,0,0,0,0
1.617462158203125,0,0.0,0.0,0,0,0.0,0.0,0.0,0.0,0,0,0,0,0,0,0
1.6230566501617432,0,0.0,0.0,0,0,0.0,0.0,0.0,0.0,0,0,0,0,0,0,0
1.6243970394134521,0,0.0,0.0,0,0,0.0,0.0,0.0,0.0,0,0,0,0,0,0,0
1.625483751296997,0,0.0,0.0,0,0,0.0,0.0,0.0,0.0,0,0,0,0,0,0,0
1.6270358562469482,0,0.0,0.0,0,0,0.0,0.0,0.0,0.0,0,0,0,0,0,0,0
1.6347911357879639,0,0.0,0.0,0,0,0.0,0.0,0.0,0.0,0,0,0,0,0,0,0
1.6378495693206787,0,0.0,0.0,0,0,0.0,0.0,0.0,0.0,0,0,0,0,0,0,0
1.640211582183838,0,0.0,0.0,0,0,0.0,0.0,0.0,0.0,0,0,0,0,0,0,0
1.6414847373962402,0,0.0,0.0,0,0,0.0,0.0,0.0,0.0,0,0,0,0,0,0,0
1.6426351070404053,0,0.0,0.0,0,0,0.0,0.0,0.0,0.0,0,0,0,0,0,0,0
1.6437430381774902,0,0.0,0.0,0,0,0.0,0.0,0.0,0.0,0,0,0,0,0,0,0
1.6475226879119873,0,0.0,0.0,0,0,0.0,0.0,0.0,0.0,0,0,0,0,0,0,0
1.6488940715789795,0,0.0,0.0,0,0,0.0,0.0,0.0,0.0,0,0,0,0,0,0,0
1.6520025730133057,0,0.0,0.0,0,0,0.0,0.0,0.0,0.0,0,0,0,0,0,0,0
1.6532042026519775,0,0.0,0.0,0,0,0.0,0.0,0.0,0.0,0,0,0,0,0,0,0
1.654278039932251,0,0.0,0.0,0,0,0.0,0.0,0.0,0.0,0,0,0,0,0,0,0
1.655564308166504,0,0.0,0.0,0,0,0.0,0.0,0.0,0.0,0,0,0,0,0,0,0
1.6585204601287842,0,0.0,0.0,0,0,0.0,0.0,0.0,0.0,0,0,0,0,0,0,0
1.6599767208099365,0,0.0,0.0,0,0,0.0,0.0,0.0,0.0,0,0,0,0,0,0,0
1.6633226871490479,0,0.0,0.0,0,0,0.0,0.0,0.0,0.0,0,0,0,0,0,0,0
1.6664793491363525,0,0.0,0.0,0,0,0.0,0.0,0.0,0.0,0,0,0,0,0,0,0
1.6679606437683105,0,0.0,0.0,0,0,0.0,0.0,0.0,0.0,0,0,0,0,0,0,0
1.6693003177642822,0,0.0,0.0,0,0,0.0,0.0,0.0,0.0,0,0,0,0,0,0,0
1.6718366146087646,0,0.0,0.0,0,0,0.0,0.0,0.0,0.0,0,0,0,0,0,0,0
1.673304796218872,0,0.0,0.0,0,0,0.0,0.0,0.0,0.0,0,0,0,0,0,0,0
1.6763992309570312,0,0.0,0.0,0,0,0.0,0.0,0.0,0.0,0,0,0,0,0,0,0
1.6778907775878906,0,0.0,0.0,0,0,0.0,0.0,0.0,0.0,0,0,0,0,0,0,0
1.6792023181915283,0,0.0,0.0,0,0,0.0,0.0,0.0,0.0,0,0,0,0,0,0,0
1.6823480129241943,0,0.0,0.0,0,0,0.0,0.0,0.0,0.0,0,0,0,0,0,0,0
1.6838006973266602,0,0.0,0.0,0,0,0.0,0.0,0.0,0.0,0,0,0,0,0,0,0
1.6848978996276855,0,0.0,0.0,0,0,0.0,0.0,0.0,0.0,0,0,0,0,0,0,0
1.6965806484222412,0,0.0,0.0,0,0,0.0,0.0,0.0,0.0,0,0,0,0,0,0,0
1.6981499195098877,0,0.0,0.0,0,0,0.0,0.0,0.0,0.0,0,0,0,0,0,0,0
1.700314998626709,0,0.0,0.0,0,0,0.0,0.0,0.0,0.0,0,0,0,0,0,0,0
1.709773063659668,0,0.0,0.0,0,0,0.0,0.0,0.0,0.0,0,0,0,0,0,0,0
1.7108948230743408,0,0.0,0.0,0,0,0.0,0.0,0.0,0.0,0,0,0,0,0,0,0
1.7119736671447754,0,0.0,0.0,0,0,0.0,0.0,0.0,0.0,0,0,0,0,0,0,0
1.7130601406097412,0,0.0,0.0,0,0,0.0,0.0,0.0,0.0,0,0,0,0,0,0,0
1.7163786888122559,0,0.0,0.0,0,0,0.0,0.0,0.0,0.0,0,0,0,0,0,0,0
1.7179889678955078,0,0.0,0.0,0,0,0.0,0.0,0.0,0.0,0,0,0,0,0,0,0
1.7191147804260254,0,0.0,0.0,0,0,0.0,0.0,0.0,0.0,0,0,0,0,0,0,0
1.7205917835235596,0,0.0,0.0,0,0,0.0,0.0,0.0,0.0,0,0,0,0,0,0,0
1.7219102382659912,0,0.0,0.0,0,0,0.0,0.0,0.0,0.0,0,0,0,0,0,0,0
1.7248461246490479,0,0.0,0.0,0,0,0.0,0.0,0.0,0.0,0,0,0,0,0,0,0
1.726304292678833,0,0.0,0.0,0,0,0.0,0.0,0.0,0.0,0,0,0,0,0,0,0
1.7294976711273193,0,0.0,0.0,0,0,0.0,0.0,0.0,0.0,0,0,0,0,0,0,0
1.7305827140808105,0,0.0,0.0,0,0,0.0,0.0,0.0,0.0,0,0,0,0,0,0,0
1.734196662902832,0,0.0,0.0,0,0,0.0,0.0,0.0,0.0,0,0,0,0,0,0,0
1.7379481792449951,0,0.0,0.0,0,0,0.0,0.0,0.0,0.0,0,0,0,0,0,0,0
1.7399604320526123,0,0.0,0.0,0,0,0.0,0.0,0.0,0.0,0,0,0,0,0,0,0
1.7455158233642578,0,0.0,0.0,0,0,0.0,0.0,0.0,0.0,0,0,0,0,0,0,0
1.7510535717010498,0,0.0,0.0,0,0,0.0,0.0,0.0,0.0,0,0,0,0,0,0,0
1.752321481704712,0,0.0,0.0,0,0,0.0,0.0,0.0,0.0,0,0,0,0,0,0,0
1.7534048557281494,0,0.0,0.0,0,0,0.0,0.0,0.0,0.0,0,0,0,0,0,0,0
1.754495620727539,0,0.0,0.0,0,0,0.0,0.0,0.0,0.0,0,0,0,0,0,0,0
1.76261305809021,0,0.0,0.0,0,0,0.0,0.0,0.0,0.0,0,0,0,0,0,0,0
1.7656927108764648,0,0.0,0.0,0,0,0.0,0.0,0.0,0.0,0,0,0,0,0,0,0
1.767061471939087,0,0.0,0.0,0,0,0.0,0.0,0.0,0.0,0,0,0,0,0,0,0
1.768296480178833,0,0.0,0.0,0,0,0.0,0.0,0.0,0.0,0,0,0,0,0,0,0
1.7697834968566895,0,0.0,0.0,0,0,0.0,0.0,0.0,0.0,0,0,0,0,0,0,0
1.7767705917358398,0,0.0,0.0,0,0,0.0,0.0,0.0,0.0,0,0,0,0,0,0,0
1.7778542041778564,0,0.0,0.0,0,0,0.0,0.0,0.0,0.0,0,0,0,0,0,0,0
1.7797648906707764,0,0.0,0.0,0,0,0.0,0.0,0.0,0.0,0,0,0,0,0,0,0
1.7813677787780762,0,0.0,0.0,0,0,0.0,0.0,0.0,0.0,0,0,0,0,0,0,0
1.7904398441314697,0,0.0,0.0,0,0,0.0,0.0,0.0,0.0,0,0,0,0,0,0,0
1.7917964458465576,0,0.0,0.0,0,0,0.0,0.0,0.0,0.0,0,0,0,0,0,0,0
1.792856216430664,0,0.0,0.0,0,0,0.0,0.0,0.0,0.0,0,0,0,0,0,0,0
1.7940950393676758,0,0.0,0.0,0,0,0.0,0.0,0.0,0.0,0,0,0,0,0,0,0
1.799614429473877,0,0.0,0.0,0,0,0.0,0.0,0.0,0.0,0,0,0,0,0,0,0
1.8021202087402344,0,0.0,0.0,0,0,0.0,0.0,0.0,0.0,0,0,0,0,0,0,0
1.8049931526184082,0,0.0,0.0,0,0,0.0,0.0,0.0,0.0,0,0,0,0,0,0,0
1.8068492412567139,0,0.0,0.0,0,0,0.0,0.0,0.0,0.0,0,0,0,0,0,0,0
1.8080604076385498,0,0.0,0.0,0,0,0.0,0.0,0.0,0.0,0,0,0,0,0,0,0
1.8119511604309082,0,0.0,0.0,0,0,0.0,0.0,0.0,0.0,0,0,0,0,0,0,0
1.817270278930664,0,0.0,0.0,0,0,0.0,0.0,0.0,0.0,0,0,0,0,0,0,0
1.8185861110687256,0,0.0,0.0,0,0,0.0,0.0,0.0,0.0,0,0,0,0,0,0,0
1.819735050201416,0,0.0,0.0,0,0,0.0,0.0,0.0,0.0,0,0,0,0,0,0,0
1.8246233463287354,0,0.0,0.0,0,0,0.0,0.0,0.0,0.0,0,0,0,0,0,0,0
1.827732801437378,0,0.0,0.0,0,0,0.0,0.0,0.0,0.0,0,0,0,0,0,0,0
1.8297176361083984,0,0.0,0.0,0,0,0.0,0.0,0.0,0.0,0,0,0,0,0,0,0
1.8311705589294434,0,0.0,0.0,0,0,0.0,0.0,0.0,0.0,0,0,0,0,0,0,0
1.8326096534729004,0,0.0,0.0,0,0,0.0,0.0,0.0,0.0,0,0,0,0,0,0,0
1.837461233139038,0,0.0,0.0,0,0,0.0,0.0,0.0,0.0,0,0,0,0,0,0,0
1.839205026626587,0,0.0,0.0,0,0,0.0,0.0,0.0,0.0,0,0,0,0,0,0,0
1.8402831554412842,0,0.0,0.0,0,0,0.0,0.0,0.0,0.0,0,0,0,0,0,0,0
