scenario,real_time_plot,lateral_angle_range,drag_speed,wiggle_time,servo_speed,extraction_height,wiggle frequency,insertion_angle,wiggle_amplitude
turtle,True,0.1,0.5,0.5,0.5,0.03,0.5235987755982988,0.0,0.0,0.0,0.0
time,turtle_state,leftadduction_pos,leftsweeping_pos,rightadduction_pos,rightsweeping_pos,leftadduction_curr,leftsweeping_curr,rightadduction_curr,rightsweeping_curr,insertiondepth,OptitrackPosition_x,OptitrackPosition_y,OptitrackPosition_z,OptitrackOrientation_x,OptitrackOrientation_y,OptitrackOrientation_z,OptitrackOrientation_w,LeftFlipperPosition_x,LeftFlipperPosition_y,LeftFlipperPosition_z,LeftFlipperOrientation_x,LeftFlipperOrientation_y,LeftFlipperOrientation_z,LeftFlipperOrientation_w,RightFlipperPosition_x,RightFlipperPosition_y,RightFlipperPosition_z,RightFlipperOrientation_x,RightFlipperOrientation_y,RightFlipperOrientation_z,RightFlipperOrientation_w
0.011211872100830078,0,0.0,0.0,0.0,0.0,0.0,0.0,0.0,0.0,0.03,0,0,0,0,0,0,0,0,0,0,0,0,0,0,0,0,0,0,0,0,0
0.012957096099853516,0,0.0,0.0,0.0,0.0,0.0,0.0,0.0,0.0,0.03,0,0,0,0,0,0,0,0,0,0,0,0,0,0,0,0,0,0,0,0,0
0.014090776443481445,0,0.0,0.0,0.0,0.0,0.0,0.0,0.0,0.0,0.03,0,0,0,0,0,0,0,0,0,0,0,0,0,0,0,0,0,0,0,0,0
0.015913724899291992,0,0.0,0.0,0.0,0.0,0.0,0.0,0.0,0.0,0.03,0,0,0,0,0,0,0,0,0,0,0,0,0,0,0,0,0,0,0,0,0
0.018729448318481445,0,0.0,0.0,0.0,0.0,0.0,0.0,0.0,0.0,0.03,0,0,0,0,0,0,0,0,0,0,0,0,0,0,0,0,0,0,0,0,0
0.02057361602783203,0,0.0,0.0,0.0,0.0,0.0,0.0,0.0,0.0,0.03,0,0,0,0,0,0,0,0,0,0,0,0,0,0,0,0,0,0,0,0,0
0.022019624710083008,0,0.0,0.0,0.0,0.0,0.0,0.0,0.0,0.0,0.03,0,0,0,0,0,0,0,0,0,0,0,0,0,0,0,0,0,0,0,0,0
0.02311539649963379,0,0.0,0.0,0.0,0.0,0.0,0.0,0.0,0.0,0.03,0,0,0,0,0,0,0,0,0,0,0,0,0,0,0,0,0,0,0,0,0
0.025960206985473633,0,0.0,0.0,0.0,0.0,0.0,0.0,0.0,0.0,0.03,0,0,0,0,0,0,0,0,0,0,0,0,0,0,0,0,0,0,0,0,0
0.0272216796875,0,0.0,0.0,0.0,0.0,0.0,0.0,0.0,0.0,0.03,0,0,0,0,0,0,0,0,0,0,0,0,0,0,0,0,0,0,0,0,0
0.028316497802734375,0,0.0,0.0,0.0,0.0,0.0,0.0,0.0,0.0,0.03,0,0,0,0,0,0,0,0,0,0,0,0,0,0,0,0,0,0,0,0,0
0.02943253517150879,0,0.0,0.0,0.0,0.0,0.0,0.0,0.0,0.0,0.03,0,0,0,0,0,0,0,0,0,0,0,0,0,0,0,0,0,0,0,0,0
0.03076338768005371,0,0.0,0.0,0.0,0.0,0.0,0.0,0.0,0.0,0.03,0,0,0,0,0,0,0,0,0,0,0,0,0,0,0,0,0,0,0,0,0
0.0319674015045166,0,0.0,0.0,0.0,0.0,0.0,0.0,0.0,0.0,0.03,0,0,0,0,0,0,0,0,0,0,0,0,0,0,0,0,0,0,0,0,0
0.03362154960632324,0,0.0,0.0,0.0,0.0,0.0,0.0,0.0,0.0,0.03,0,0,0,0,0,0,0,0,0,0,0,0,0,0,0,0,0,0,0,0,0
0.034947872161865234,0,0.0,0.0,0.0,0.0,0.0,0.0,0.0,0.0,0.03,0,0,0,0,0,0,0,0,0,0,0,0,0,0,0,0,0,0,0,0,0
0.03667712211608887,0,0.0,0.0,0.0,0.0,0.0,0.0,0.0,0.0,0.03,0,0,0,0,0,0,0,0,0,0,0,0,0,0,0,0,0,0,0,0,0
0.038080453872680664,0,0.0,0.0,0.0,0.0,0.0,0.0,0.0,0.0,0.03,0,0,0,0,0,0,0,0,0,0,0,0,0,0,0,0,0,0,0,0,0
0.03927016258239746,0,0.0,0.0,0.0,0.0,0.0,0.0,0.0,0.0,0.03,0,0,0,0,0,0,0,0,0,0,0,0,0,0,0,0,0,0,0,0,0
0.04034781455993652,0,0.0,0.0,0.0,0.0,0.0,0.0,0.0,0.0,0.03,0,0,0,0,0,0,0,0,0,0,0,0,0,0,0,0,0,0,0,0,0
0.041541337966918945,0,0.0,0.0,0.0,0.0,0.0,0.0,0.0,0.0,0.03,0,0,0,0,0,0,0,0,0,0,0,0,0,0,0,0,0,0,0,0,0
0.04272270202636719,0,0.0,0.0,0.0,0.0,0.0,0.0,0.0,0.0,0.03,0,0,0,0,0,0,0,0,0,0,0,0,0,0,0,0,0,0,0,0,0
0.04396390914916992,0,0.0,0.0,0.0,0.0,0.0,0.0,0.0,0.0,0.03,0,0,0,0,0,0,0,0,0,0,0,0,0,0,0,0,0,0,0,0,0
0.045035600662231445,0,0.0,0.0,0.0,0.0,0.0,0.0,0.0,0.0,0.03,0,0,0,0,0,0,0,0,0,0,0,0,0,0,0,0,0,0,0,0,0
0.046137094497680664,0,0.0,0.0,0.0,0.0,0.0,0.0,0.0,0.0,0.03,0,0,0,0,0,0,0,0,0,0,0,0,0,0,0,0,0,0,0,0,0
0.04840731620788574,0,0.0,0.0,0.0,0.0,0.0,0.0,0.0,0.0,0.03,0,0,0,0,0,0,0,0,0,0,0,0,0,0,0,0,0,0,0,0,0
0.04969525337219238,0,0.0,0.0,0.0,0.0,0.0,0.0,0.0,0.0,0.03,0,0,0,0,0,0,0,0,0,0,0,0,0,0,0,0,0,0,0,0,0
0.05235457420349121,0,0.0,0.0,0.0,0.0,0.0,0.0,0.0,0.0,0.03,0,0,0,0,0,0,0,0,0,0,0,0,0,0,0,0,0,0,0,0,0
0.05484342575073242,0,0.0,0.0,0.0,0.0,0.0,0.0,0.0,0.0,0.03,0,0,0,0,0,0,0,0,0,0,0,0,0,0,0,0,0,0,0,0,0
0.05600571632385254,0,0.0,0.0,0.0,0.0,0.0,0.0,0.0,0.0,0.03,0,0,0,0,0,0,0,0,0,0,0,0,0,0,0,0,0,0,0,0,0
0.05707192420959473,0,0.0,0.0,0.0,0.0,0.0,0.0,0.0,0.0,0.03,0,0,0,0,0,0,0,0,0,0,0,0,0,0,0,0,0,0,0,0,0
0.05828523635864258,0,0.0,0.0,0.0,0.0,0.0,0.0,0.0,0.0,0.03,0,0,0,0,0,0,0,0,0,0,0,0,0,0,0,0,0,0,0,0,0
0.059548377990722656,0,0.0,0.0,0.0,0.0,0.0,0.0,0.0,0.0,0.03,0,0,0,0,0,0,0,0,0,0,0,0,0,0,0,0,0,0,0,0,0
0.06065201759338379,0,0.0,0.0,0.0,0.0,0.0,0.0,0.0,0.0,0.03,0,0,0,0,0,0,0,0,0,0,0,0,0,0,0,0,0,0,0,0,0
0.061771392822265625,0,0.0,0.0,0.0,0.0,0.0,0.0,0.0,0.0,0.03,0,0,0,0,0,0,0,0,0,0,0,0,0,0,0,0,0,0,0,0,0
0.06321120262145996,0,0.0,0.0,0.0,0.0,0.0,0.0,0.0,0.0,0.03,0,0,0,0,0,0,0,0,0,0,0,0,0,0,0,0,0,0,0,0,0
0.06583929061889648,0,0.0,0.0,0.0,0.0,0.0,0.0,0.0,0.0,0.03,0,0,0,0,0,0,0,0,0,0,0,0,0,0,0,0,0,0,0,0,0
0.06700015068054199,0,0.0,0.0,0.0,0.0,0.0,0.0,0.0,0.0,0.03,0,0,0,0,0,0,0,0,0,0,0,0,0,0,0,0,0,0,0,0,0
0.06808710098266602,0,0.0,0.0,0.0,0.0,0.0,0.0,0.0,0.0,0.03,0,0,0,0,0,0,0,0,0,0,0,0,0,0,0,0,0,0,0,0,0
0.06934976577758789,0,0.0,0.0,0.0,0.0,0.0,0.0,0.0,0.0,0.03,0,0,0,0,0,0,0,0,0,0,0,0,0,0,0,0,0,0,0,0,0
0.07043790817260742,0,0.0,0.0,0.0,0.0,0.0,0.0,0.0,0.0,0.03,0,0,0,0,0,0,0,0,0,0,0,0,0,0,0,0,0,0,0,0,0
0.07153201103210449,0,0.0,0.0,0.0,0.0,0.0,0.0,0.0,0.0,0.03,0,0,0,0,0,0,0,0,0,0,0,0,0,0,0,0,0,0,0,0,0
0.07321548461914062,0,0.0,0.0,0.0,0.0,0.0,0.0,0.0,0.0,0.03,0,0,0,0,0,0,0,0,0,0,0,0,0,0,0,0,0,0,0,0,0
0.07448077201843262,0,0.0,0.0,0.0,0.0,0.0,0.0,0.0,0.0,0.03,0,0,0,0,0,0,0,0,0,0,0,0,0,0,0,0,0,0,0,0,0
0.07674694061279297,0,0.0,0.0,0.0,0.0,0.0,0.0,0.0,0.0,0.03,0,0,0,0,0,0,0,0,0,0,0,0,0,0,0,0,0,0,0,0,0
0.0780496597290039,0,0.0,0.0,0.0,0.0,0.0,0.0,0.0,0.0,0.03,0,0,0,0,0,0,0,0,0,0,0,0,0,0,0,0,0,0,0,0,0
0.0791780948638916,0,0.0,0.0,0.0,0.0,0.0,0.0,0.0,0.0,0.03,0,0,0,0,0,0,0,0,0,0,0,0,0,0,0,0,0,0,0,0,0
0.08051776885986328,0,0.0,0.0,0.0,0.0,0.0,0.0,0.0,0.0,0.03,0,0,0,0,0,0,0,0,0,0,0,0,0,0,0,0,0,0,0,0,0
0.08194828033447266,0,0.0,0.0,0.0,0.0,0.0,0.0,0.0,0.0,0.03,0,0,0,0,0,0,0,0,0,0,0,0,0,0,0,0,0,0,0,0,0
0.08328509330749512,0,0.0,0.0,0.0,0.0,0.0,0.0,0.0,0.0,0.03,0,0,0,0,0,0,0,0,0,0,0,0,0,0,0,0,0,0,0,0,0
0.08461236953735352,0,0.0,0.0,0.0,0.0,0.0,0.0,0.0,0.0,0.03,0,0,0,0,0,0,0,0,0,0,0,0,0,0,0,0,0,0,0,0,0
0.08586263656616211,0,0.0,0.0,0.0,0.0,0.0,0.0,0.0,0.0,0.03,0,0,0,0,0,0,0,0,0,0,0,0,0,0,0,0,0,0,0,0,0
0.08694720268249512,0,0.0,0.0,0.0,0.0,0.0,0.0,0.0,0.0,0.03,0,0,0,0,0,0,0,0,0,0,0,0,0,0,0,0,0,0,0,0,0
0.08803391456604004,0,0.0,0.0,0.0,0.0,0.0,0.0,0.0,0.0,0.03,0,0,0,0,0,0,0,0,0,0,0,0,0,0,0,0,0,0,0,0,0
0.09142804145812988,0,0.0,0.0,0.0,0.0,0.0,0.0,0.0,0.0,0.03,0,0,0,0,0,0,0,0,0,0,0,0,0,0,0,0,0,0,0,0,0
0.0928652286529541,0,0.0,0.0,0.0,0.0,0.0,0.0,0.0,0.0,0.03,0,0,0,0,0,0,0,0,0,0,0,0,0,0,0,0,0,0,0,0,0
0.094085693359375,0,0.0,0.0,0.0,0.0,0.0,0.0,0.0,0.0,0.03,0,0,0,0,0,0,0,0,0,0,0,0,0,0,0,0,0,0,0,0,0
0.09521365165710449,0,0.0,0.0,0.0,0.0,0.0,0.0,0.0,0.0,0.03,0,0,0,0,0,0,0,0,0,0,0,0,0,0,0,0,0,0,0,0,0
0.09934258460998535,0,0.0,0.0,0.0,0.0,0.0,0.0,0.0,0.0,0.03,0,0,0,0,0,0,0,0,0,0,0,0,0,0,0,0,0,0,0,0,0
0.10113167762756348,0,0.0,0.0,0.0,0.0,0.0,0.0,0.0,0.0,0.03,0,0,0,0,0,0,0,0,0,0,0,0,0,0,0,0,0,0,0,0,0
0.10244011878967285,0,0.0,0.0,0.0,0.0,0.0,0.0,0.0,0.0,0.03,0,0,0,0,0,0,0,0,0,0,0,0,0,0,0,0,0,0,0,0,0
0.10387253761291504,0,0.0,0.0,0.0,0.0,0.0,0.0,0.0,0.0,0.03,0,0,0,0,0,0,0,0,0,0,0,0,0,0,0,0,0,0,0,0,0
0.10494542121887207,0,0.0,0.0,0.0,0.0,0.0,0.0,0.0,0.0,0.03,0,0,0,0,0,0,0,0,0,0,0,0,0,0,0,0,0,0,0,0,0
0.10609078407287598,0,0.0,0.0,0.0,0.0,0.0,0.0,0.0,0.0,0.03,0,0,0,0,0,0,0,0,0,0,0,0,0,0,0,0,0,0,0,0,0
0.10746550559997559,0,0.0,0.0,0.0,0.0,0.0,0.0,0.0,0.0,0.03,0,0,0,0,0,0,0,0,0,0,0,0,0,0,0,0,0,0,0,0,0
0.10857057571411133,0,0.0,0.0,0.0,0.0,0.0,0.0,0.0,0.0,0.03,0,0,0,0,0,0,0,0,0,0,0,0,0,0,0,0,0,0,0,0,0
0.10967206954956055,0,0.0,0.0,0.0,0.0,0.0,0.0,0.0,0.0,0.03,0,0,0,0,0,0,0,0,0,0,0,0,0,0,0,0,0,0,0,0,0
0.11125612258911133,0,0.0,0.0,0.0,0.0,0.0,0.0,0.0,0.0,0.03,0,0,0,0,0,0,0,0,0,0,0,0,0,0,0,0,0,0,0,0,0
0.11283493041992188,0,0.0,0.0,0.0,0.0,0.0,0.0,0.0,0.0,0.03,0,0,0,0,0,0,0,0,0,0,0,0,0,0,0,0,0,0,0,0,0
0.11421537399291992,0,0.0,0.0,0.0,0.0,0.0,0.0,0.0,0.0,0.03,0,0,0,0,0,0,0,0,0,0,0,0,0,0,0,0,0,0,0,0,0
0.11531829833984375,0,0.0,0.0,0.0,0.0,0.0,0.0,0.0,0.0,0.03,0,0,0,0,0,0,0,0,0,0,0,0,0,0,0,0,0,0,0,0,0
0.11641359329223633,0,0.0,0.0,0.0,0.0,0.0,0.0,0.0,0.0,0.03,0,0,0,0,0,0,0,0,0,0,0,0,0,0,0,0,0,0,0,0,0
0.11749720573425293,0,0.0,0.0,0.0,0.0,0.0,0.0,0.0,0.0,0.03,0,0,0,0,0,0,0,0,0,0,0,0,0,0,0,0,0,0,0,0,0
0.1186063289642334,0,0.0,0.0,0.0,0.0,0.0,0.0,0.0,0.0,0.03,0,0,0,0,0,0,0,0,0,0,0,0,0,0,0,0,0,0,0,0,0
0.1201934814453125,0,0.0,0.0,0.0,0.0,0.0,0.0,0.0,0.0,0.03,0,0,0,0,0,0,0,0,0,0,0,0,0,0,0,0,0,0,0,0,0
0.12180924415588379,0,0.0,0.0,0.0,0.0,0.0,0.0,0.0,0.0,0.03,0,0,0,0,0,0,0,0,0,0,0,0,0,0,0,0,0,0,0,0,0
0.12289690971374512,0,0.0,0.0,0.0,0.0,0.0,0.0,0.0,0.0,0.03,0,0,0,0,0,0,0,0,0,0,0,0,0,0,0,0,0,0,0,0,0
0.12421107292175293,0,0.0,0.0,0.0,0.0,0.0,0.0,0.0,0.0,0.03,0,0,0,0,0,0,0,0,0,0,0,0,0,0,0,0,0,0,0,0,0
0.1253654956817627,0,0.0,0.0,0.0,0.0,0.0,0.0,0.0,0.0,0.03,0,0,0,0,0,0,0,0,0,0,0,0,0,0,0,0,0,0,0,0,0
0.12647724151611328,0,0.0,0.0,0.0,0.0,0.0,0.0,0.0,0.0,0.03,0,0,0,0,0,0,0,0,0,0,0,0,0,0,0,0,0,0,0,0,0
0.12766575813293457,0,0.0,0.0,0.0,0.0,0.0,0.0,0.0,0.0,0.03,0,0,0,0,0,0,0,0,0,0,0,0,0,0,0,0,0,0,0,0,0
0.12876009941101074,0,0.0,0.0,0.0,0.0,0.0,0.0,0.0,0.0,0.03,0,0,0,0,0,0,0,0,0,0,0,0,0,0,0,0,0,0,0,0,0
0.1302027702331543,0,0.0,0.0,0.0,0.0,0.0,0.0,0.0,0.0,0.03,0,0,0,0,0,0,0,0,0,0,0,0,0,0,0,0,0,0,0,0,0
0.13132023811340332,0,0.0,0.0,0.0,0.0,0.0,0.0,0.0,0.0,0.03,0,0,0,0,0,0,0,0,0,0,0,0,0,0,0,0,0,0,0,0,0
0.1326003074645996,0,0.0,0.0,0.0,0.0,0.0,0.0,0.0,0.0,0.03,0,0,0,0,0,0,0,0,0,0,0,0,0,0,0,0,0,0,0,0,0
0.13383221626281738,0,0.0,0.0,0.0,0.0,0.0,0.0,0.0,0.0,0.03,0,0,0,0,0,0,0,0,0,0,0,0,0,0,0,0,0,0,0,0,0
0.13502192497253418,0,0.0,0.0,0.0,0.0,0.0,0.0,0.0,0.0,0.03,0,0,0,0,0,0,0,0,0,0,0,0,0,0,0,0,0,0,0,0,0
0.1364295482635498,0,0.0,0.0,0.0,0.0,0.0,0.0,0.0,0.0,0.03,0,0,0,0,0,0,0,0,0,0,0,0,0,0,0,0,0,0,0,0,0
0.13793540000915527,0,0.0,0.0,0.0,0.0,0.0,0.0,0.0,0.0,0.03,0,0,0,0,0,0,0,0,0,0,0,0,0,0,0,0,0,0,0,0,0
0.1407022476196289,0,0.0,0.0,0.0,0.0,0.0,0.0,0.0,0.0,0.03,0,0,0,0,0,0,0,0,0,0,0,0,0,0,0,0,0,0,0,0,0
0.14200830459594727,0,0.0,0.0,0.0,0.0,0.0,0.0,0.0,0.0,0.03,0,0,0,0,0,0,0,0,0,0,0,0,0,0,0,0,0,0,0,0,0
0.14396023750305176,0,0.0,0.0,0.0,0.0,0.0,0.0,0.0,0.0,0.03,0,0,0,0,0,0,0,0,0,0,0,0,0,0,0,0,0,0,0,0,0
0.1451573371887207,0,0.0,0.0,0.0,0.0,0.0,0.0,0.0,0.0,0.03,0,0,0,0,0,0,0,0,0,0,0,0,0,0,0,0,0,0,0,0,0
0.14648699760437012,0,0.0,0.0,0.0,0.0,0.0,0.0,0.0,0.0,0.03,0,0,0,0,0,0,0,0,0,0,0,0,0,0,0,0,0,0,0,0,0
0.1476907730102539,0,0.0,0.0,0.0,0.0,0.0,0.0,0.0,0.0,0.03,0,0,0,0,0,0,0,0,0,0,0,0,0,0,0,0,0,0,0,0,0
0.14902114868164062,0,0.0,0.0,0.0,0.0,0.0,0.0,0.0,0.0,0.03,0,0,0,0,0,0,0,0,0,0,0,0,0,0,0,0,0,0,0,0,0
0.1528017520904541,0,0.0,0.0,0.0,0.0,0.0,0.0,0.0,0.0,0.03,0,0,0,0,0,0,0,0,0,0,0,0,0,0,0,0,0,0,0,0,0
0.1540818214416504,0,0.0,0.0,0.0,0.0,0.0,0.0,0.0,0.0,0.03,0,0,0,0,0,0,0,0,0,0,0,0,0,0,0,0,0,0,0,0,0
0.15624284744262695,0,0.0,0.0,0.0,0.0,0.0,0.0,0.0,0.0,0.03,0,0,0,0,0,0,0,0,0,0,0,0,0,0,0,0,0,0,0,0,0
0.1578969955444336,0,0.0,0.0,0.0,0.0,0.0,0.0,0.0,0.0,0.03,0,0,0,0,0,0,0,0,0,0,0,0,0,0,0,0,0,0,0,0,0
0.15901708602905273,0,0.0,0.0,0.0,0.0,0.0,0.0,0.0,0.0,0.03,0,0,0,0,0,0,0,0,0,0,0,0,0,0,0,0,0,0,0,0,0
0.16023969650268555,0,0.0,0.0,0.0,0.0,0.0,0.0,0.0,0.0,0.03,0,0,0,0,0,0,0,0,0,0,0,0,0,0,0,0,0,0,0,0,0
0.161515474319458,0,0.0,0.0,0.0,0.0,0.0,0.0,0.0,0.0,0.03,0,0,0,0,0,0,0,0,0,0,0,0,0,0,0,0,0,0,0,0,0
0.16367363929748535,0,0.0,0.0,0.0,0.0,0.0,0.0,0.0,0.0,0.03,0,0,0,0,0,0,0,0,0,0,0,0,0,0,0,0,0,0,0,0,0
0.16485023498535156,0,0.0,0.0,0.0,0.0,0.0,0.0,0.0,0.0,0.03,0,0,0,0,0,0,0,0,0,0,0,0,0,0,0,0,0,0,0,0,0
0.16591143608093262,0,0.0,0.0,0.0,0.0,0.0,0.0,0.0,0.0,0.03,0,0,0,0,0,0,0,0,0,0,0,0,0,0,0,0,0,0,0,0,0
0.1670081615447998,0,0.0,0.0,0.0,0.0,0.0,0.0,0.0,0.0,0.03,0,0,0,0,0,0,0,0,0,0,0,0,0,0,0,0,0,0,0,0,0
0.16830706596374512,0,0.0,0.0,0.0,0.0,0.0,0.0,0.0,0.0,0.03,0,0,0,0,0,0,0,0,0,0,0,0,0,0,0,0,0,0,0,0,0
0.16958379745483398,0,0.0,0.0,0.0,0.0,0.0,0.0,0.0,0.0,0.03,0,0,0,0,0,0,0,0,0,0,0,0,0,0,0,0,0,0,0,0,0
0.17093658447265625,0,0.0,0.0,0.0,0.0,0.0,0.0,0.0,0.0,0.03,0,0,0,0,0,0,0,0,0,0,0,0,0,0,0,0,0,0,0,0,0
0.17203402519226074,0,0.0,0.0,0.0,0.0,0.0,0.0,0.0,0.0,0.03,0,0,0,0,0,0,0,0,0,0,0,0,0,0,0,0,0,0,0,0,0
0.17313599586486816,0,0.0,0.0,0.0,0.0,0.0,0.0,0.0,0.0,0.03,0,0,0,0,0,0,0,0,0,0,0,0,0,0,0,0,0,0,0,0,0
0.17422223091125488,0,0.0,0.0,0.0,0.0,0.0,0.0,0.0,0.0,0.03,0,0,0,0,0,0,0,0,0,0,0,0,0,0,0,0,0,0,0,0,0
0.1758134365081787,0,0.0,0.0,0.0,0.0,0.0,0.0,0.0,0.0,0.03,0,0,0,0,0,0,0,0,0,0,0,0,0,0,0,0,0,0,0,0,0
0.17741727828979492,0,0.0,0.0,0.0,0.0,0.0,0.0,0.0,0.0,0.03,0,0,0,0,0,0,0,0,0,0,0,0,0,0,0,0,0,0,0,0,0
0.18072748184204102,0,0.0,0.0,0.0,0.0,0.0,0.0,0.0,0.0,0.03,0,0,0,0,0,0,0,0,0,0,0,0,0,0,0,0,0,0,0,0,0
0.18185830116271973,0,0.0,0.0,0.0,0.0,0.0,0.0,0.0,0.0,0.03,0,0,0,0,0,0,0,0,0,0,0,0,0,0,0,0,0,0,0,0,0
0.18306612968444824,0,0.0,0.0,0.0,0.0,0.0,0.0,0.0,0.0,0.03,0,0,0,0,0,0,0,0,0,0,0,0,0,0,0,0,0,0,0,0,0
0.18416881561279297,0,0.0,0.0,0.0,0.0,0.0,0.0,0.0,0.0,0.03,0,0,0,0,0,0,0,0,0,0,0,0,0,0,0,0,0,0,0,0,0
0.18627190589904785,0,0.0,0.0,0.0,0.0,0.0,0.0,0.0,0.0,0.03,0,0,0,0,0,0,0,0,0,0,0,0,0,0,0,0,0,0,0,0,0
0.18779563903808594,0,0.0,0.0,0.0,0.0,0.0,0.0,0.0,0.0,0.03,0,0,0,0,0,0,0,0,0,0,0,0,0,0,0,0,0,0,0,0,0
0.1892223358154297,0,0.0,0.0,0.0,0.0,0.0,0.0,0.0,0.0,0.03,0,0,0,0,0,0,0,0,0,0,0,0,0,0,0,0,0,0,0,0,0
0.1905214786529541,0,0.0,0.0,0.0,0.0,0.0,0.0,0.0,0.0,0.03,0,0,0,0,0,0,0,0,0,0,0,0,0,0,0,0,0,0,0,0,0
0.19167876243591309,0,0.0,0.0,0.0,0.0,0.0,0.0,0.0,0.0,0.03,0,0,0,0,0,0,0,0,0,0,0,0,0,0,0,0,0,0,0,0,0
0.19296669960021973,0,0.0,0.0,0.0,0.0,0.0,0.0,0.0,0.0,0.03,0,0,0,0,0,0,0,0,0,0,0,0,0,0,0,0,0,0,0,0,0
0.19419574737548828,0,0.0,0.0,0.0,0.0,0.0,0.0,0.0,0.0,0.03,0,0,0,0,0,0,0,0,0,0,0,0,0,0,0,0,0,0,0,0,0
0.19539332389831543,0,0.0,0.0,0.0,0.0,0.0,0.0,0.0,0.0,0.03,0,0,0,0,0,0,0,0,0,0,0,0,0,0,0,0,0,0,0,0,0
0.19764137268066406,0,0.0,0.0,0.0,0.0,0.0,0.0,0.0,0.0,0.03,0,0,0,0,0,0,0,0,0,0,0,0,0,0,0,0,0,0,0,0,0
0.20050621032714844,0,0.0,0.0,0.0,0.0,0.0,0.0,0.0,0.0,0.03,0,0,0,0,0,0,0,0,0,0,0,0,0,0,0,0,0,0,0,0,0
0.20176315307617188,0,0.0,0.0,0.0,0.0,0.0,0.0,0.0,0.0,0.03,0,0,0,0,0,0,0,0,0,0,0,0,0,0,0,0,0,0,0,0,0
0.20407366752624512,0,0.0,0.0,0.0,0.0,0.0,0.0,0.0,0.0,0.03,0,0,0,0,0,0,0,0,0,0,0,0,0,0,0,0,0,0,0,0,0
0.2052459716796875,0,0.0,0.0,0.0,0.0,0.0,0.0,0.0,0.0,0.03,0,0,0,0,0,0,0,0,0,0,0,0,0,0,0,0,0,0,0,0,0
0.20659112930297852,0,0.0,0.0,0.0,0.0,0.0,0.0,0.0,0.0,0.03,0,0,0,0,0,0,0,0,0,0,0,0,0,0,0,0,0,0,0,0,0
0.20814728736877441,0,0.0,0.0,0.0,0.0,0.0,0.0,0.0,0.0,0.03,0,0,0,0,0,0,0,0,0,0,0,0,0,0,0,0,0,0,0,0,0
0.2092607021331787,0,0.0,0.0,0.0,0.0,0.0,0.0,0.0,0.0,0.03,0,0,0,0,0,0,0,0,0,0,0,0,0,0,0,0,0,0,0,0,0
0.21036481857299805,0,0.0,0.0,0.0,0.0,0.0,0.0,0.0,0.0,0.03,0,0,0,0,0,0,0,0,0,0,0,0,0,0,0,0,0,0,0,0,0
0.2130429744720459,0,0.0,0.0,0.0,0.0,0.0,0.0,0.0,0.0,0.03,0,0,0,0,0,0,0,0,0,0,0,0,0,0,0,0,0,0,0,0,0
0.21431279182434082,0,0.0,0.0,0.0,0.0,0.0,0.0,0.0,0.0,0.03,0,0,0,0,0,0,0,0,0,0,0,0,0,0,0,0,0,0,0,0,0
0.2161731719970703,0,0.0,0.0,0.0,0.0,0.0,0.0,0.0,0.0,0.03,0,0,0,0,0,0,0,0,0,0,0,0,0,0,0,0,0,0,0,0,0
0.217271089553833,0,0.0,0.0,0.0,0.0,0.0,0.0,0.0,0.0,0.03,0,0,0,0,0,0,0,0,0,0,0,0,0,0,0,0,0,0,0,0,0
0.21898531913757324,0,0.0,0.0,0.0,0.0,0.0,0.0,0.0,0.0,0.03,0,0,0,0,0,0,0,0,0,0,0,0,0,0,0,0,0,0,0,0,0
0.2203354835510254,0,0.0,0.0,0.0,0.0,0.0,0.0,0.0,0.0,0.03,0,0,0,0,0,0,0,0,0,0,0,0,0,0,0,0,0,0,0,0,0
0.22167682647705078,0,0.0,0.0,0.0,0.0,0.0,0.0,0.0,0.0,0.03,0,0,0,0,0,0,0,0,0,0,0,0,0,0,0,0,0,0,0,0,0
0.22292137145996094,0,0.0,0.0,0.0,0.0,0.0,0.0,0.0,0.0,0.03,0,0,0,0,0,0,0,0,0,0,0,0,0,0,0,0,0,0,0,0,0
0.2246255874633789,0,0.0,0.0,0.0,0.0,0.0,0.0,0.0,0.0,0.03,0,0,0,0,0,0,0,0,0,0,0,0,0,0,0,0,0,0,0,0,0
0.2259376049041748,0,0.0,0.0,0.0,0.0,0.0,0.0,0.0,0.0,0.03,0,0,0,0,0,0,0,0,0,0,0,0,0,0,0,0,0,0,0,0,0
0.22704148292541504,0,0.0,0.0,0.0,0.0,0.0,0.0,0.0,0.0,0.03,0,0,0,0,0,0,0,0,0,0,0,0,0,0,0,0,0,0,0,0,0
0.22815608978271484,0,0.0,0.0,0.0,0.0,0.0,0.0,0.0,0.0,0.03,0,0,0,0,0,0,0,0,0,0,0,0,0,0,0,0,0,0,0,0,0
0.2294783592224121,0,0.0,0.0,0.0,0.0,0.0,0.0,0.0,0.0,0.03,0,0,0,0,0,0,0,0,0,0,0,0,0,0,0,0,0,0,0,0,0
0.2305905818939209,0,0.0,0.0,0.0,0.0,0.0,0.0,0.0,0.0,0.03,0,0,0,0,0,0,0,0,0,0,0,0,0,0,0,0,0,0,0,0,0
0.23200130462646484,0,0.0,0.0,0.0,0.0,0.0,0.0,0.0,0.0,0.03,0,0,0,0,0,0,0,0,0,0,0,0,0,0,0,0,0,0,0,0,0
0.23307299613952637,0,0.0,0.0,0.0,0.0,0.0,0.0,0.0,0.0,0.03,0,0,0,0,0,0,0,0,0,0,0,0,0,0,0,0,0,0,0,0,0
0.2343122959136963,0,0.0,0.0,0.0,0.0,0.0,0.0,0.0,0.0,0.03,0,0,0,0,0,0,0,0,0,0,0,0,0,0,0,0,0,0,0,0,0
0.235398530960083,0,0.0,0.0,0.0,0.0,0.0,0.0,0.0,0.0,0.03,0,0,0,0,0,0,0,0,0,0,0,0,0,0,0,0,0,0,0,0,0
0.23658251762390137,0,0.0,0.0,0.0,0.0,0.0,0.0,0.0,0.0,0.03,0,0,0,0,0,0,0,0,0,0,0,0,0,0,0,0,0,0,0,0,0
0.2377474308013916,0,0.0,0.0,0.0,0.0,0.0,0.0,0.0,0.0,0.03,0,0,0,0,0,0,0,0,0,0,0,0,0,0,0,0,0,0,0,0,0
0.23884892463684082,0,0.0,0.0,0.0,0.0,0.0,0.0,0.0,0.0,0.03,0,0,0,0,0,0,0,0,0,0,0,0,0,0,0,0,0,0,0,0,0
0.2402641773223877,0,0.0,0.0,0.0,0.0,0.0,0.0,0.0,0.0,0.03,0,0,0,0,0,0,0,0,0,0,0,0,0,0,0,0,0,0,0,0,0
0.24167823791503906,0,0.0,0.0,0.0,0.0,0.0,0.0,0.0,0.0,0.03,0,0,0,0,0,0,0,0,0,0,0,0,0,0,0,0,0,0,0,0,0
0.24396157264709473,0,0.0,0.0,0.0,0.0,0.0,0.0,0.0,0.0,0.03,0,0,0,0,0,0,0,0,0,0,0,0,0,0,0,0,0,0,0,0,0
0.24529027938842773,0,0.0,0.0,0.0,0.0,0.0,0.0,0.0,0.0,0.03,0,0,0,0,0,0,0,0,0,0,0,0,0,0,0,0,0,0,0,0,0
0.24667572975158691,0,0.0,0.0,0.0,0.0,0.0,0.0,0.0,0.0,0.03,0,0,0,0,0,0,0,0,0,0,0,0,0,0,0,0,0,0,0,0,0
0.2482144832611084,0,0.0,0.0,0.0,0.0,0.0,0.0,0.0,0.0,0.03,0,0,0,0,0,0,0,0,0,0,0,0,0,0,0,0,0,0,0,0,0
0.2493138313293457,0,0.0,0.0,0.0,0.0,0.0,0.0,0.0,0.0,0.03,0,0,0,0,0,0,0,0,0,0,0,0,0,0,0,0,0,0,0,0,0
0.2504088878631592,0,0.0,0.0,0.0,0.0,0.0,0.0,0.0,0.0,0.03,0,0,0,0,0,0,0,0,0,0,0,0,0,0,0,0,0,0,0,0,0
0.2516438961029053,0,0.0,0.0,0.0,0.0,0.0,0.0,0.0,0.0,0.03,0,0,0,0,0,0,0,0,0,0,0,0,0,0,0,0,0,0,0,0,0
0.2534050941467285,0,0.0,0.0,0.0,0.0,0.0,0.0,0.0,0.0,0.03,0,0,0,0,0,0,0,0,0,0,0,0,0,0,0,0,0,0,0,0,0
0.25486230850219727,0,0.0,0.0,0.0,0.0,0.0,0.0,0.0,0.0,0.03,0,0,0,0,0,0,0,0,0,0,0,0,0,0,0,0,0,0,0,0,0
0.25639915466308594,0,0.0,0.0,0.0,0.0,0.0,0.0,0.0,0.0,0.03,0,0,0,0,0,0,0,0,0,0,0,0,0,0,0,0,0,0,0,0,0
0.2576618194580078,0,0.0,0.0,0.0,0.0,0.0,0.0,0.0,0.0,0.03,0,0,0,0,0,0,0,0,0,0,0,0,0,0,0,0,0,0,0,0,0
0.2589294910430908,0,0.0,0.0,0.0,0.0,0.0,0.0,0.0,0.0,0.03,0,0,0,0,0,0,0,0,0,0,0,0,0,0,0,0,0,0,0,0,0
0.2608363628387451,0,0.0,0.0,0.0,0.0,0.0,0.0,0.0,0.0,0.03,0,0,0,0,0,0,0,0,0,0,0,0,0,0,0,0,0,0,0,0,0
0.26196765899658203,0,0.0,0.0,0.0,0.0,0.0,0.0,0.0,0.0,0.03,0,0,0,0,0,0,0,0,0,0,0,0,0,0,0,0,0,0,0,0,0
0.2630622386932373,0,0.0,0.0,0.0,0.0,0.0,0.0,0.0,0.0,0.03,0,0,0,0,0,0,0,0,0,0,0,0,0,0,0,0,0,0,0,0,0
0.2642676830291748,0,0.0,0.0,0.0,0.0,0.0,0.0,0.0,0.0,0.03,0,0,0,0,0,0,0,0,0,0,0,0,0,0,0,0,0,0,0,0,0
0.26545214653015137,0,0.0,0.0,0.0,0.0,0.0,0.0,0.0,0.0,0.03,0,0,0,0,0,0,0,0,0,0,0,0,0,0,0,0,0,0,0,0,0
0.2682662010192871,0,0.0,0.0,0.0,0.0,0.0,0.0,0.0,0.0,0.03,0,0,0,0,0,0,0,0,0,0,0,0,0,0,0,0,0,0,0,0,0
0.26978302001953125,0,0.0,0.0,0.0,0.0,0.0,0.0,0.0,0.0,0.03,0,0,0,0,0,0,0,0,0,0,0,0,0,0,0,0,0,0,0,0,0
0.27133774757385254,0,0.0,0.0,0.0,0.0,0.0,0.0,0.0,0.0,0.03,0,0,0,0,0,0,0,0,0,0,0,0,0,0,0,0,0,0,0,0,0
0.27340149879455566,0,0.0,0.0,0.0,0.0,0.0,0.0,0.0,0.0,0.03,0,0,0,0,0,0,0,0,0,0,0,0,0,0,0,0,0,0,0,0,0
0.2750205993652344,0,0.0,0.0,0.0,0.0,0.0,0.0,0.0,0.0,0.03,0,0,0,0,0,0,0,0,0,0,0,0,0,0,0,0,0,0,0,0,0
0.2762019634246826,0,0.0,0.0,0.0,0.0,0.0,0.0,0.0,0.0,0.03,0,0,0,0,0,0,0,0,0,0,0,0,0,0,0,0,0,0,0,0,0
0.277449369430542,0,0.0,0.0,0.0,0.0,0.0,0.0,0.0,0.0,0.03,0,0,0,0,0,0,0,0,0,0,0,0,0,0,0,0,0,0,0,0,0
0.2787644863128662,0,0.0,0.0,0.0,0.0,0.0,0.0,0.0,0.0,0.03,0,0,0,0,0,0,0,0,0,0,0,0,0,0,0,0,0,0,0,0,0
0.27997827529907227,0,0.0,0.0,0.0,0.0,0.0,0.0,0.0,0.0,0.03,0,0,0,0,0,0,0,0,0,0,0,0,0,0,0,0,0,0,0,0,0
0.2810547351837158,0,0.0,0.0,0.0,0.0,0.0,0.0,0.0,0.0,0.03,0,0,0,0,0,0,0,0,0,0,0,0,0,0,0,0,0,0,0,0,0
0.28240418434143066,0,0.0,0.0,0.0,0.0,0.0,0.0,0.0,0.0,0.03,0,0,0,0,0,0,0,0,0,0,0,0,0,0,0,0,0,0,0,0,0
0.2835402488708496,0,0.0,0.0,0.0,0.0,0.0,0.0,0.0,0.0,0.03,0,0,0,0,0,0,0,0,0,0,0,0,0,0,0,0,0,0,0,0,0
0.2848939895629883,0,0.0,0.0,0.0,0.0,0.0,0.0,0.0,0.0,0.03,0,0,0,0,0,0,0,0,0,0,0,0,0,0,0,0,0,0,0,0,0
0.2863609790802002,0,0.0,0.0,0.0,0.0,0.0,0.0,0.0,0.0,0.03,0,0,0,0,0,0,0,0,0,0,0,0,0,0,0,0,0,0,0,0,0
0.2877223491668701,0,0.0,0.0,0.0,0.0,0.0,0.0,0.0,0.0,0.03,0,0,0,0,0,0,0,0,0,0,0,0,0,0,0,0,0,0,0,0,0
0.2888360023498535,0,0.0,0.0,0.0,0.0,0.0,0.0,0.0,0.0,0.03,0,0,0,0,0,0,0,0,0,0,0,0,0,0,0,0,0,0,0,0,0
0.2899317741394043,0,0.0,0.0,0.0,0.0,0.0,0.0,0.0,0.0,0.03,0,0,0,0,0,0,0,0,0,0,0,0,0,0,0,0,0,0,0,0,0
0.2910189628601074,0,0.0,0.0,0.0,0.0,0.0,0.0,0.0,0.0,0.03,0,0,0,0,0,0,0,0,0,0,0,0,0,0,0,0,0,0,0,0,0
0.2924802303314209,0,0.0,0.0,0.0,0.0,0.0,0.0,0.0,0.0,0.03,0,0,0,0,0,0,0,0,0,0,0,0,0,0,0,0,0,0,0,0,0
0.29393792152404785,0,0.0,0.0,0.0,0.0,0.0,0.0,0.0,0.0,0.03,0,0,0,0,0,0,0,0,0,0,0,0,0,0,0,0,0,0,0,0,0
0.2954895496368408,0,0.0,0.0,0.0,0.0,0.0,0.0,0.0,0.0,0.03,0,0,0,0,0,0,0,0,0,0,0,0,0,0,0,0,0,0,0,0,0
0.2965974807739258,0,0.0,0.0,0.0,0.0,0.0,0.0,0.0,0.0,0.03,0,0,0,0,0,0,0,0,0,0,0,0,0,0,0,0,0,0,0,0,0
0.2978386878967285,0,0.0,0.0,0.0,0.0,0.0,0.0,0.0,0.0,0.03,0,0,0,0,0,0,0,0,0,0,0,0,0,0,0,0,0,0,0,0,0
0.2989952564239502,0,0.0,0.0,0.0,0.0,0.0,0.0,0.0,0.0,0.03,0,0,0,0,0,0,0,0,0,0,0,0,0,0,0,0,0,0,0,0,0
0.30077147483825684,0,0.0,0.0,0.0,0.0,0.0,0.0,0.0,0.0,0.03,0,0,0,0,0,0,0,0,0,0,0,0,0,0,0,0,0,0,0,0,0
0.30206918716430664,0,0.0,0.0,0.0,0.0,0.0,0.0,0.0,0.0,0.03,0,0,0,0,0,0,0,0,0,0,0,0,0,0,0,0,0,0,0,0,0
0.30318236351013184,0,0.0,0.0,0.0,0.0,0.0,0.0,0.0,0.0,0.03,0,0,0,0,0,0,0,0,0,0,0,0,0,0,0,0,0,0,0,0,0
0.3051166534423828,0,0.0,0.0,0.0,0.0,0.0,0.0,0.0,0.0,0.03,0,0,0,0,0,0,0,0,0,0,0,0,0,0,0,0,0,0,0,0,0
0.30648231506347656,0,0.0,0.0,0.0,0.0,0.0,0.0,0.0,0.0,0.03,0,0,0,0,0,0,0,0,0,0,0,0,0,0,0,0,0,0,0,0,0
0.3077390193939209,0,0.0,0.0,0.0,0.0,0.0,0.0,0.0,0.0,0.03,0,0,0,0,0,0,0,0,0,0,0,0,0,0,0,0,0,0,0,0,0
0.3088972568511963,0,0.0,0.0,0.0,0.0,0.0,0.0,0.0,0.0,0.03,0,0,0,0,0,0,0,0,0,0,0,0,0,0,0,0,0,0,0,0,0
0.3099799156188965,0,0.0,0.0,0.0,0.0,0.0,0.0,0.0,0.0,0.03,0,0,0,0,0,0,0,0,0,0,0,0,0,0,0,0,0,0,0,0,0
0.3123767375946045,0,0.0,0.0,0.0,0.0,0.0,0.0,0.0,0.0,0.03,0,0,0,0,0,0,0,0,0,0,0,0,0,0,0,0,0,0,0,0,0
0.315216064453125,0,0.0,0.0,0.0,0.0,0.0,0.0,0.0,0.0,0.03,0,0,0,0,0,0,0,0,0,0,0,0,0,0,0,0,0,0,0,0,0
0.31638598442077637,0,0.0,0.0,0.0,0.0,0.0,0.0,0.0,0.0,0.03,0,0,0,0,0,0,0,0,0,0,0,0,0,0,0,0,0,0,0,0,0
0.3180124759674072,0,0.0,0.0,0.0,0.0,0.0,0.0,0.0,0.0,0.03,0,0,0,0,0,0,0,0,0,0,0,0,0,0,0,0,0,0,0,0,0
0.31947946548461914,0,0.0,0.0,0.0,0.0,0.0,0.0,0.0,0.0,0.03,0,0,0,0,0,0,0,0,0,0,0,0,0,0,0,0,0,0,0,0,0
0.32058143615722656,0,0.0,0.0,0.0,0.0,0.0,0.0,0.0,0.0,0.03,0,0,0,0,0,0,0,0,0,0,0,0,0,0,0,0,0,0,0,0,0
0.3217740058898926,0,0.0,0.0,0.0,0.0,0.0,0.0,0.0,0.0,0.03,0,0,0,0,0,0,0,0,0,0,0,0,0,0,0,0,0,0,0,0,0
0.3229200839996338,0,0.0,0.0,0.0,0.0,0.0,0.0,0.0,0.0,0.03,0,0,0,0,0,0,0,0,0,0,0,0,0,0,0,0,0,0,0,0,0
0.3249626159667969,0,0.0,0.0,0.0,0.0,0.0,0.0,0.0,0.0,0.03,0,0,0,0,0,0,0,0,0,0,0,0,0,0,0,0,0,0,0,0,0
0.3269321918487549,0,0.0,0.0,0.0,0.0,0.0,0.0,0.0,0.0,0.03,0,0,0,0,0,0,0,0,0,0,0,0,0,0,0,0,0,0,0,0,0
0.328244686126709,0,0.0,0.0,0.0,0.0,0.0,0.0,0.0,0.0,0.03,0,0,0,0,0,0,0,0,0,0,0,0,0,0,0,0,0,0,0,0,0
0.3298923969268799,0,0.0,0.0,0.0,0.0,0.0,0.0,0.0,0.0,0.03,0,0,0,0,0,0,0,0,0,0,0,0,0,0,0,0,0,0,0,0,0
0.33128929138183594,0,0.0,0.0,0.0,0.0,0.0,0.0,0.0,0.0,0.03,0,0,0,0,0,0,0,0,0,0,0,0,0,0,0,0,0,0,0,0,0
0.33356451988220215,0,0.0,0.0,0.0,0.0,0.0,0.0,0.0,0.0,0.03,0,0,0,0,0,0,0,0,0,0,0,0,0,0,0,0,0,0,0,0,0
0.33466148376464844,0,0.0,0.0,0.0,0.0,0.0,0.0,0.0,0.0,0.03,0,0,0,0,0,0,0,0,0,0,0,0,0,0,0,0,0,0,0,0,0
0.3359410762786865,0,0.0,0.0,0.0,0.0,0.0,0.0,0.0,0.0,0.03,0,0,0,0,0,0,0,0,0,0,0,0,0,0,0,0,0,0,0,0,0
0.33756136894226074,0,0.0,0.0,0.0,0.0,0.0,0.0,0.0,0.0,0.03,0,0,0,0,0,0,0,0,0,0,0,0,0,0,0,0,0,0,0,0,0
0.3386838436126709,0,0.0,0.0,0.0,0.0,0.0,0.0,0.0,0.0,0.03,0,0,0,0,0,0,0,0,0,0,0,0,0,0,0,0,0,0,0,0,0
0.3399696350097656,0,0.0,0.0,0.0,0.0,0.0,0.0,0.0,0.0,0.03,0,0,0,0,0,0,0,0,0,0,0,0,0,0,0,0,0,0,0,0,0
0.3410935401916504,0,0.0,0.0,0.0,0.0,0.0,0.0,0.0,0.0,0.03,0,0,0,0,0,0,0,0,0,0,0,0,0,0,0,0,0,0,0,0,0
0.3422966003417969,0,0.0,0.0,0.0,0.0,0.0,0.0,0.0,0.0,0.03,0,0,0,0,0,0,0,0,0,0,0,0,0,0,0,0,0,0,0,0,0
0.3438267707824707,0,0.0,0.0,0.0,0.0,0.0,0.0,0.0,0.0,0.03,0,0,0,0,0,0,0,0,0,0,0,0,0,0,0,0,0,0,0,0,0
0.3462789058685303,0,0.0,0.0,0.0,0.0,0.0,0.0,0.0,0.0,0.03,0,0,0,0,0,0,0,0,0,0,0,0,0,0,0,0,0,0,0,0,0
0.34746432304382324,0,0.0,0.0,0.0,0.0,0.0,0.0,0.0,0.0,0.03,0,0,0,0,0,0,0,0,0,0,0,0,0,0,0,0,0,0,0,0,0
0.3485848903656006,0,0.0,0.0,0.0,0.0,0.0,0.0,0.0,0.0,0.03,0,0,0,0,0,0,0,0,0,0,0,0,0,0,0,0,0,0,0,0,0
0.34993743896484375,0,0.0,0.0,0.0,0.0,0.0,0.0,0.0,0.0,0.03,0,0,0,0,0,0,0,0,0,0,0,0,0,0,0,0,0,0,0,0,0
0.35121822357177734,0,0.0,0.0,0.0,0.0,0.0,0.0,0.0,0.0,0.03,0,0,0,0,0,0,0,0,0,0,0,0,0,0,0,0,0,0,0,0,0
0.35332536697387695,0,0.0,0.0,0.0,0.0,0.0,0.0,0.0,0.0,0.03,0,0,0,0,0,0,0,0,0,0,0,0,0,0,0,0,0,0,0,0,0
0.35482358932495117,0,0.0,0.0,0.0,0.0,0.0,0.0,0.0,0.0,0.03,0,0,0,0,0,0,0,0,0,0,0,0,0,0,0,0,0,0,0,0,0
0.3559117317199707,0,0.0,0.0,0.0,0.0,0.0,0.0,0.0,0.0,0.03,0,0,0,0,0,0,0,0,0,0,0,0,0,0,0,0,0,0,0,0,0
0.3571600914001465,0,0.0,0.0,0.0,0.0,0.0,0.0,0.0,0.0,0.03,0,0,0,0,0,0,0,0,0,0,0,0,0,0,0,0,0,0,0,0,0
0.35831403732299805,0,0.0,0.0,0.0,0.0,0.0,0.0,0.0,0.0,0.03,0,0,0,0,0,0,0,0,0,0,0,0,0,0,0,0,0,0,0,0,0
0.36012744903564453,0,0.0,0.0,0.0,0.0,0.0,0.0,0.0,0.0,0.03,0,0,0,0,0,0,0,0,0,0,0,0,0,0,0,0,0,0,0,0,0
0.36210107803344727,0,0.0,0.0,0.0,0.0,0.0,0.0,0.0,0.0,0.03,0,0,0,0,0,0,0,0,0,0,0,0,0,0,0,0,0,0,0,0,0
0.3631899356842041,0,0.0,0.0,0.0,0.0,0.0,0.0,0.0,0.0,0.03,0,0,0,0,0,0,0,0,0,0,0,0,0,0,0,0,0,0,0,0,0
0.3651154041290283,0,0.0,0.0,0.0,0.0,0.0,0.0,0.0,0.0,0.03,0,0,0,0,0,0,0,0,0,0,0,0,0,0,0,0,0,0,0,0,0
0.3663809299468994,0,0.0,0.0,0.0,0.0,0.0,0.0,0.0,0.0,0.03,0,0,0,0,0,0,0,0,0,0,0,0,0,0,0,0,0,0,0,0,0
0.3675849437713623,0,0.0,0.0,0.0,0.0,0.0,0.0,0.0,0.0,0.03,0,0,0,0,0,0,0,0,0,0,0,0,0,0,0,0,0,0,0,0,0
0.3687622547149658,0,0.0,0.0,0.0,0.0,0.0,0.0,0.0,0.0,0.03,0,0,0,0,0,0,0,0,0,0,0,0,0,0,0,0,0,0,0,0,0
0.3702118396759033,0,0.0,0.0,0.0,0.0,0.0,0.0,0.0,0.0,0.03,0,0,0,0,0,0,0,0,0,0,0,0,0,0,0,0,0,0,0,0,0
0.371685266494751,0,0.0,0.0,0.0,0.0,0.0,0.0,0.0,0.0,0.03,0,0,0,0,0,0,0,0,0,0,0,0,0,0,0,0,0,0,0,0,0
0.37451982498168945,0,0.0,0.0,0.0,0.0,0.0,0.0,0.0,0.0,0.03,0,0,0,0,0,0,0,0,0,0,0,0,0,0,0,0,0,0,0,0,0
0.37572407722473145,0,0.0,0.0,0.0,0.0,0.0,0.0,0.0,0.0,0.03,0,0,0,0,0,0,0,0,0,0,0,0,0,0,0,0,0,0,0,0,0
0.3774268627166748,0,0.0,0.0,0.0,0.0,0.0,0.0,0.0,0.0,0.03,0,0,0,0,0,0,0,0,0,0,0,0,0,0,0,0,0,0,0,0,0
0.3787806034088135,0,0.0,0.0,0.0,0.0,0.0,0.0,0.0,0.0,0.03,0,0,0,0,0,0,0,0,0,0,0,0,0,0,0,0,0,0,0,0,0
0.3801455497741699,0,0.0,0.0,0.0,0.0,0.0,0.0,0.0,0.0,0.03,0,0,0,0,0,0,0,0,0,0,0,0,0,0,0,0,0,0,0,0,0
0.3816874027252197,0,0.0,0.0,0.0,0.0,0.0,0.0,0.0,0.0,0.03,0,0,0,0,0,0,0,0,0,0,0,0,0,0,0,0,0,0,0,0,0
0.38277244567871094,0,0.0,0.0,0.0,0.0,0.0,0.0,0.0,0.0,0.03,0,0,0,0,0,0,0,0,0,0,0,0,0,0,0,0,0,0,0,0,0
0.38484859466552734,0,0.0,0.0,0.0,0.0,0.0,0.0,0.0,0.0,0.03,0,0,0,0,0,0,0,0,0,0,0,0,0,0,0,0,0,0,0,0,0
0.3859584331512451,0,0.0,0.0,0.0,0.0,0.0,0.0,0.0,0.0,0.03,0,0,0,0,0,0,0,0,0,0,0,0,0,0,0,0,0,0,0,0,0
0.3872091770172119,0,0.0,0.0,0.0,0.0,0.0,0.0,0.0,0.0,0.03,0,0,0,0,0,0,0,0,0,0,0,0,0,0,0,0,0,0,0,0,0
0.38936519622802734,0,0.0,0.0,0.0,0.0,0.0,0.0,0.0,0.0,0.03,0,0,0,0,0,0,0,0,0,0,0,0,0,0,0,0,0,0,0,0,0
0.3918752670288086,0,0.0,0.0,0.0,0.0,0.0,0.0,0.0,0.0,0.03,0,0,0,0,0,0,0,0,0,0,0,0,0,0,0,0,0,0,0,0,0
0.39298105239868164,0,0.0,0.0,0.0,0.0,0.0,0.0,0.0,0.0,0.03,0,0,0,0,0,0,0,0,0,0,0,0,0,0,0,0,0,0,0,0,0
0.39431285858154297,0,0.0,0.0,0.0,0.0,0.0,0.0,0.0,0.0,0.03,0,0,0,0,0,0,0,0,0,0,0,0,0,0,0,0,0,0,0,0,0
0.3955860137939453,0,0.0,0.0,0.0,0.0,0.0,0.0,0.0,0.0,0.03,0,0,0,0,0,0,0,0,0,0,0,0,0,0,0,0,0,0,0,0,0
0.39711880683898926,0,0.0,0.0,0.0,0.0,0.0,0.0,0.0,0.0,0.03,0,0,0,0,0,0,0,0,0,0,0,0,0,0,0,0,0,0,0,0,0
0.3984513282775879,0,0.0,0.0,0.0,0.0,0.0,0.0,0.0,0.0,0.03,0,0,0,0,0,0,0,0,0,0,0,0,0,0,0,0,0,0,0,0,0
0.3995475769042969,0,0.0,0.0,0.0,0.0,0.0,0.0,0.0,0.0,0.03,0,0,0,0,0,0,0,0,0,0,0,0,0,0,0,0,0,0,0,0,0
0.4009513854980469,0,0.0,0.0,0.0,0.0,0.0,0.0,0.0,0.0,0.03,0,0,0,0,0,0,0,0,0,0,0,0,0,0,0,0,0,0,0,0,0
0.403212308883667,0,0.0,0.0,0.0,0.0,0.0,0.0,0.0,0.0,0.03,0,0,0,0,0,0,0,0,0,0,0,0,0,0,0,0,0,0,0,0,0
0.4042792320251465,0,0.0,0.0,0.0,0.0,0.0,0.0,0.0,0.0,0.03,0,0,0,0,0,0,0,0,0,0,0,0,0,0,0,0,0,0,0,0,0
0.4054579734802246,0,0.0,0.0,0.0,0.0,0.0,0.0,0.0,0.0,0.03,0,0,0,0,0,0,0,0,0,0,0,0,0,0,0,0,0,0,0,0,0
0.4065563678741455,0,0.0,0.0,0.0,0.0,0.0,0.0,0.0,0.0,0.03,0,0,0,0,0,0,0,0,0,0,0,0,0,0,0,0,0,0,0,0,0
0.4076559543609619,0,0.0,0.0,0.0,0.0,0.0,0.0,0.0,0.0,0.03,0,0,0,0,0,0,0,0,0,0,0,0,0,0,0,0,0,0,0,0,0
0.4087493419647217,0,0.0,0.0,0.0,0.0,0.0,0.0,0.0,0.0,0.03,0,0,0,0,0,0,0,0,0,0,0,0,0,0,0,0,0,0,0,0,0
0.40998363494873047,0,0.0,0.0,0.0,0.0,0.0,0.0,0.0,0.0,0.03,0,0,0,0,0,0,0,0,0,0,0,0,0,0,0,0,0,0,0,0,0
0.41143059730529785,0,0.0,0.0,0.0,0.0,0.0,0.0,0.0,0.0,0.03,0,0,0,0,0,0,0,0,0,0,0,0,0,0,0,0,0,0,0,0,0
0.41370582580566406,0,0.0,0.0,0.0,0.0,0.0,0.0,0.0,0.0,0.03,0,0,0,0,0,0,0,0,0,0,0,0,0,0,0,0,0,0,0,0,0
0.41495394706726074,0,0.0,0.0,0.0,0.0,0.0,0.0,0.0,0.0,0.03,0,0,0,0,0,0,0,0,0,0,0,0,0,0,0,0,0,0,0,0,0
0.4161403179168701,0,0.0,0.0,0.0,0.0,0.0,0.0,0.0,0.0,0.03,0,0,0,0,0,0,0,0,0,0,0,0,0,0,0,0,0,0,0,0,0
0.41730427742004395,0,0.0,0.0,0.0,0.0,0.0,0.0,0.0,0.0,0.03,0,0,0,0,0,0,0,0,0,0,0,0,0,0,0,0,0,0,0,0,0
0.41954493522644043,0,0.0,0.0,0.0,0.0,0.0,0.0,0.0,0.0,0.03,0,0,0,0,0,0,0,0,0,0,0,0,0,0,0,0,0,0,0,0,0
0.4207878112792969,0,0.0,0.0,0.0,0.0,0.0,0.0,0.0,0.0,0.03,0,0,0,0,0,0,0,0,0,0,0,0,0,0,0,0,0,0,0,0,0
0.42187023162841797,0,0.0,0.0,0.0,0.0,0.0,0.0,0.0,0.0,0.03,0,0,0,0,0,0,0,0,0,0,0,0,0,0,0,0,0,0,0,0,0
0.42374205589294434,0,0.0,0.0,0.0,0.0,0.0,0.0,0.0,0.0,0.03,0,0,0,0,0,0,0,0,0,0,0,0,0,0,0,0,0,0,0,0,0
0.42502808570861816,0,0.0,0.0,0.0,0.0,0.0,0.0,0.0,0.0,0.03,0,0,0,0,0,0,0,0,0,0,0,0,0,0,0,0,0,0,0,0,0
0.4262504577636719,0,0.0,0.0,0.0,0.0,0.0,0.0,0.0,0.0,0.03,0,0,0,0,0,0,0,0,0,0,0,0,0,0,0,0,0,0,0,0,0
0.42745089530944824,0,0.0,0.0,0.0,0.0,0.0,0.0,0.0,0.0,0.03,0,0,0,0,0,0,0,0,0,0,0,0,0,0,0,0,0,0,0,0,0
0.42900967597961426,0,0.0,0.0,0.0,0.0,0.0,0.0,0.0,0.0,0.03,0,0,0,0,0,0,0,0,0,0,0,0,0,0,0,0,0,0,0,0,0
0.43068933486938477,0,0.0,0.0,0.0,0.0,0.0,0.0,0.0,0.0,0.03,0,0,0,0,0,0,0,0,0,0,0,0,0,0,0,0,0,0,0,0,0
0.43317508697509766,0,0.0,0.0,0.0,0.0,0.0,0.0,0.0,0.0,0.03,0,0,0,0,0,0,0,0,0,0,0,0,0,0,0,0,0,0,0,0,0
0.43435215950012207,0,0.0,0.0,0.0,0.0,0.0,0.0,0.0,0.0,0.03,0,0,0,0,0,0,0,0,0,0,0,0,0,0,0,0,0,0,0,0,0
0.43608570098876953,0,0.0,0.0,0.0,0.0,0.0,0.0,0.0,0.0,0.03,0,0,0,0,0,0,0,0,0,0,0,0,0,0,0,0,0,0,0,0,0
0.43790221214294434,0,0.0,0.0,0.0,0.0,0.0,0.0,0.0,0.0,0.03,0,0,0,0,0,0,0,0,0,0,0,0,0,0,0,0,0,0,0,0,0
0.43933963775634766,0,0.0,0.0,0.0,0.0,0.0,0.0,0.0,0.0,0.03,0,0,0,0,0,0,0,0,0,0,0,0,0,0,0,0,0,0,0,0,0
0.4406447410583496,0,0.0,0.0,0.0,0.0,0.0,0.0,0.0,0.0,0.03,0,0,0,0,0,0,0,0,0,0,0,0,0,0,0,0,0,0,0,0,0
0.4419269561767578,0,0.0,0.0,0.0,0.0,0.0,0.0,0.0,0.0,0.03,0,0,0,0,0,0,0,0,0,0,0,0,0,0,0,0,0,0,0,0,0
0.4453163146972656,0,0.0,0.0,0.0,0.0,0.0,0.0,0.0,0.0,0.03,0,0,0,0,0,0,0,0,0,0,0,0,0,0,0,0,0,0,0,0,0
0.4467499256134033,0,0.0,0.0,0.0,0.0,0.0,0.0,0.0,0.0,0.03,0,0,0,0,0,0,0,0,0,0,0,0,0,0,0,0,0,0,0,0,0
0.4486818313598633,0,0.0,0.0,0.0,0.0,0.0,0.0,0.0,0.0,0.03,0,0,0,0,0,0,0,0,0,0,0,0,0,0,0,0,0,0,0,0,0
0.4497718811035156,0,0.0,0.0,0.0,0.0,0.0,0.0,0.0,0.0,0.03,0,0,0,0,0,0,0,0,0,0,0,0,0,0,0,0,0,0,0,0,0
0.45118069648742676,0,0.0,0.0,0.0,0.0,0.0,0.0,0.0,0.0,0.03,0,0,0,0,0,0,0,0,0,0,0,0,0,0,0,0,0,0,0,0,0
0.4525787830352783,0,0.0,0.0,0.0,0.0,0.0,0.0,0.0,0.0,0.03,0,0,0,0,0,0,0,0,0,0,0,0,0,0,0,0,0,0,0,0,0
0.45386314392089844,0,0.0,0.0,0.0,0.0,0.0,0.0,0.0,0.0,0.03,0,0,0,0,0,0,0,0,0,0,0,0,0,0,0,0,0,0,0,0,0
0.4554159641265869,0,0.0,0.0,0.0,0.0,0.0,0.0,0.0,0.0,0.03,0,0,0,0,0,0,0,0,0,0,0,0,0,0,0,0,0,0,0,0,0
0.4566476345062256,0,0.0,0.0,0.0,0.0,0.0,0.0,0.0,0.0,0.03,0,0,0,0,0,0,0,0,0,0,0,0,0,0,0,0,0,0,0,0,0
0.4577357769012451,0,0.0,0.0,0.0,0.0,0.0,0.0,0.0,0.0,0.03,0,0,0,0,0,0,0,0,0,0,0,0,0,0,0,0,0,0,0,0,0
0.45893430709838867,0,0.0,0.0,0.0,0.0,0.0,0.0,0.0,0.0,0.03,0,0,0,0,0,0,0,0,0,0,0,0,0,0,0,0,0,0,0,0,0
0.46046948432922363,0,0.0,0.0,0.0,0.0,0.0,0.0,0.0,0.0,0.03,0,0,0,0,0,0,0,0,0,0,0,0,0,0,0,0,0,0,0,0,0
0.46167945861816406,0,0.0,0.0,0.0,0.0,0.0,0.0,0.0,0.0,0.03,0,0,0,0,0,0,0,0,0,0,0,0,0,0,0,0,0,0,0,0,0
0.4628145694732666,0,0.0,0.0,0.0,0.0,0.0,0.0,0.0,0.0,0.03,0,0,0,0,0,0,0,0,0,0,0,0,0,0,0,0,0,0,0,0,0
0.4641604423522949,0,0.0,0.0,0.0,0.0,0.0,0.0,0.0,0.0,0.03,0,0,0,0,0,0,0,0,0,0,0,0,0,0,0,0,0,0,0,0,0
0.4652254581451416,0,0.0,0.0,0.0,0.0,0.0,0.0,0.0,0.0,0.03,0,0,0,0,0,0,0,0,0,0,0,0,0,0,0,0,0,0,0,0,0
0.4670696258544922,0,0.0,0.0,0.0,0.0,0.0,0.0,0.0,0.0,0.03,0,0,0,0,0,0,0,0,0,0,0,0,0,0,0,0,0,0,0,0,0
0.4684615135192871,0,0.0,0.0,0.0,0.0,0.0,0.0,0.0,0.0,0.03,0,0,0,0,0,0,0,0,0,0,0,0,0,0,0,0,0,0,0,0,0
0.4703335762023926,0,0.0,0.0,0.0,0.0,0.0,0.0,0.0,0.0,0.03,0,0,0,0,0,0,0,0,0,0,0,0,0,0,0,0,0,0,0,0,0
0.4714820384979248,0,0.0,0.0,0.0,0.0,0.0,0.0,0.0,0.0,0.03,0,0,0,0,0,0,0,0,0,0,0,0,0,0,0,0,0,0,0,0,0
0.4727356433868408,0,0.0,0.0,0.0,0.0,0.0,0.0,0.0,0.0,0.03,0,0,0,0,0,0,0,0,0,0,0,0,0,0,0,0,0,0,0,0,0
0.47390103340148926,0,0.0,0.0,0.0,0.0,0.0,0.0,0.0,0.0,0.03,0,0,0,0,0,0,0,0,0,0,0,0,0,0,0,0,0,0,0,0,0
0.475024938583374,0,0.0,0.0,0.0,0.0,0.0,0.0,0.0,0.0,0.03,0,0,0,0,0,0,0,0,0,0,0,0,0,0,0,0,0,0,0,0,0
0.47624754905700684,0,0.0,0.0,0.0,0.0,0.0,0.0,0.0,0.0,0.03,0,0,0,0,0,0,0,0,0,0,0,0,0,0,0,0,0,0,0,0,0
0.47736191749572754,0,0.0,0.0,0.0,0.0,0.0,0.0,0.0,0.0,0.03,0,0,0,0,0,0,0,0,0,0,0,0,0,0,0,0,0,0,0,0,0
0.4786090850830078,0,0.0,0.0,0.0,0.0,0.0,0.0,0.0,0.0,0.03,0,0,0,0,0,0,0,0,0,0,0,0,0,0,0,0,0,0,0,0,0
0.4799377918243408,0,0.0,0.0,0.0,0.0,0.0,0.0,0.0,0.0,0.03,0,0,0,0,0,0,0,0,0,0,0,0,0,0,0,0,0,0,0,0,0
0.4810466766357422,0,0.0,0.0,0.0,0.0,0.0,0.0,0.0,0.0,0.03,0,0,0,0,0,0,0,0,0,0,0,0,0,0,0,0,0,0,0,0,0
0.4822995662689209,0,0.0,0.0,0.0,0.0,0.0,0.0,0.0,0.0,0.03,0,0,0,0,0,0,0,0,0,0,0,0,0,0,0,0,0,0,0,0,0
0.4833855628967285,0,0.0,0.0,0.0,0.0,0.0,0.0,0.0,0.0,0.03,0,0,0,0,0,0,0,0,0,0,0,0,0,0,0,0,0,0,0,0,0
0.48471641540527344,0,0.0,0.0,0.0,0.0,0.0,0.0,0.0,0.0,0.03,0,0,0,0,0,0,0,0,0,0,0,0,0,0,0,0,0,0,0,0,0
0.48594093322753906,0,0.0,0.0,0.0,0.0,0.0,0.0,0.0,0.0,0.03,0,0,0,0,0,0,0,0,0,0,0,0,0,0,0,0,0,0,0,0,0
0.48790431022644043,0,0.0,0.0,0.0,0.0,0.0,0.0,0.0,0.0,0.03,0,0,0,0,0,0,0,0,0,0,0,0,0,0,0,0,0,0,0,0,0
0.4891390800476074,0,0.0,0.0,0.0,0.0,0.0,0.0,0.0,0.0,0.03,0,0,0,0,0,0,0,0,0,0,0,0,0,0,0,0,0,0,0,0,0
0.490342378616333,0,0.0,0.0,0.0,0.0,0.0,0.0,0.0,0.0,0.03,0,0,0,0,0,0,0,0,0,0,0,0,0,0,0,0,0,0,0,0,0
0.4918944835662842,0,0.0,0.0,0.0,0.0,0.0,0.0,0.0,0.0,0.03,0,0,0,0,0,0,0,0,0,0,0,0,0,0,0,0,0,0,0,0,0
0.49306225776672363,0,0.0,0.0,0.0,0.0,0.0,0.0,0.0,0.0,0.03,0,0,0,0,0,0,0,0,0,0,0,0,0,0,0,0,0,0,0,0,0
0.4944307804107666,0,0.0,0.0,0.0,0.0,0.0,0.0,0.0,0.0,0.03,0,0,0,0,0,0,0,0,0,0,0,0,0,0,0,0,0,0,0,0,0
0.4955885410308838,0,0.0,0.0,0.0,0.0,0.0,0.0,0.0,0.0,0.03,0,0,0,0,0,0,0,0,0,0,0,0,0,0,0,0,0,0,0,0,0
0.4969329833984375,0,0.0,0.0,0.0,0.0,0.0,0.0,0.0,0.0,0.03,0,0,0,0,0,0,0,0,0,0,0,0,0,0,0,0,0,0,0,0,0
0.5001540184020996,0,0.0,0.0,0.0,0.0,0.0,0.0,0.0,0.0,0.03,0,0,0,0,0,0,0,0,0,0,0,0,0,0,0,0,0,0,0,0,0
0.5015759468078613,0,0.0,0.0,0.0,0.0,0.0,0.0,0.0,0.0,0.03,0,0,0,0,0,0,0,0,0,0,0,0,0,0,0,0,0,0,0,0,0
0.5039260387420654,0,0.0,0.0,0.0,0.0,0.0,0.0,0.0,0.0,0.03,0,0,0,0,0,0,0,0,0,0,0,0,0,0,0,0,0,0,0,0,0
0.5058915615081787,0,0.0,0.0,0.0,0.0,0.0,0.0,0.0,0.0,0.03,0,0,0,0,0,0,0,0,0,0,0,0,0,0,0,0,0,0,0,0,0
0.5072448253631592,0,0.0,0.0,0.0,0.0,0.0,0.0,0.0,0.0,0.03,0,0,0,0,0,0,0,0,0,0,0,0,0,0,0,0,0,0,0,0,0
0.5084917545318604,0,0.0,0.0,0.0,0.0,0.0,0.0,0.0,0.0,0.03,0,0,0,0,0,0,0,0,0,0,0,0,0,0,0,0,0,0,0,0,0
0.5097954273223877,0,0.0,0.0,0.0,0.0,0.0,0.0,0.0,0.0,0.03,0,0,0,0,0,0,0,0,0,0,0,0,0,0,0,0,0,0,0,0,0
0.5110249519348145,0,0.0,0.0,0.0,0.0,0.0,0.0,0.0,0.0,0.03,0,0,0,0,0,0,0,0,0,0,0,0,0,0,0,0,0,0,0,0,0
0.512293815612793,0,0.0,0.0,0.0,0.0,0.0,0.0,0.0,0.0,0.03,0,0,0,0,0,0,0,0,0,0,0,0,0,0,0,0,0,0,0,0,0
0.5134091377258301,0,0.0,0.0,0.0,0.0,0.0,0.0,0.0,0.0,0.03,0,0,0,0,0,0,0,0,0,0,0,0,0,0,0,0,0,0,0,0,0
0.5146832466125488,0,0.0,0.0,0.0,0.0,0.0,0.0,0.0,0.0,0.03,0,0,0,0,0,0,0,0,0,0,0,0,0,0,0,0,0,0,0,0,0
0.5163490772247314,0,0.0,0.0,0.0,0.0,0.0,0.0,0.0,0.0,0.03,0,0,0,0,0,0,0,0,0,0,0,0,0,0,0,0,0,0,0,0,0
0.5175464153289795,0,0.0,0.0,0.0,0.0,0.0,0.0,0.0,0.0,0.03,0,0,0,0,0,0,0,0,0,0,0,0,0,0,0,0,0,0,0,0,0
0.5186376571655273,0,0.0,0.0,0.0,0.0,0.0,0.0,0.0,0.0,0.03,0,0,0,0,0,0,0,0,0,0,0,0,0,0,0,0,0,0,0,0,0
0.5199592113494873,0,0.0,0.0,0.0,0.0,0.0,0.0,0.0,0.0,0.03,0,0,0,0,0,0,0,0,0,0,0,0,0,0,0,0,0,0,0,0,0
0.5210258960723877,0,0.0,0.0,0.0,0.0,0.0,0.0,0.0,0.0,0.03,0,0,0,0,0,0,0,0,0,0,0,0,0,0,0,0,0,0,0,0,0
0.5224206447601318,0,0.0,0.0,0.0,0.0,0.0,0.0,0.0,0.0,0.03,0,0,0,0,0,0,0,0,0,0,0,0,0,0,0,0,0,0,0,0,0
0.5239572525024414,0,0.0,0.0,0.0,0.0,0.0,0.0,0.0,0.0,0.03,0,0,0,0,0,0,0,0,0,0,0,0,0,0,0,0,0,0,0,0,0
0.5262253284454346,0,0.0,0.0,0.0,0.0,0.0,0.0,0.0,0.0,0.03,0,0,0,0,0,0,0,0,0,0,0,0,0,0,0,0,0,0,0,0,0
0.5274899005889893,0,0.0,0.0,0.0,0.0,0.0,0.0,0.0,0.0,0.03,0,0,0,0,0,0,0,0,0,0,0,0,0,0,0,0,0,0,0,0,0
0.5286948680877686,0,0.0,0.0,0.0,0.0,0.0,0.0,0.0,0.0,0.03,0,0,0,0,0,0,0,0,0,0,0,0,0,0,0,0,0,0,0,0,0
0.5300695896148682,0,0.0,0.0,0.0,0.0,0.0,0.0,0.0,0.0,0.03,0,0,0,0,0,0,0,0,0,0,0,0,0,0,0,0,0,0,0,0,0
0.5312860012054443,0,0.0,0.0,0.0,0.0,0.0,0.0,0.0,0.0,0.03,0,0,0,0,0,0,0,0,0,0,0,0,0,0,0,0,0,0,0,0,0
0.5323789119720459,0,0.0,0.0,0.0,0.0,0.0,0.0,0.0,0.0,0.03,0,0,0,0,0,0,0,0,0,0,0,0,0,0,0,0,0,0,0,0,0
0.5342977046966553,0,0.0,0.0,0.0,0.0,0.0,0.0,0.0,0.0,0.03,0,0,0,0,0,0,0,0,0,0,0,0,0,0,0,0,0,0,0,0,0
0.5356910228729248,0,0.0,0.0,0.0,0.0,0.0,0.0,0.0,0.0,0.03,0,0,0,0,0,0,0,0,0,0,0,0,0,0,0,0,0,0,0,0,0
0.5367670059204102,0,0.0,0.0,0.0,0.0,0.0,0.0,0.0,0.0,0.03,0,0,0,0,0,0,0,0,0,0,0,0,0,0,0,0,0,0,0,0,0
0.5380685329437256,0,0.0,0.0,0.0,0.0,0.0,0.0,0.0,0.0,0.03,0,0,0,0,0,0,0,0,0,0,0,0,0,0,0,0,0,0,0,0,0
0.5391321182250977,0,0.0,0.0,0.0,0.0,0.0,0.0,0.0,0.0,0.03,0,0,0,0,0,0,0,0,0,0,0,0,0,0,0,0,0,0,0,0,0
0.5402867794036865,0,0.0,0.0,0.0,0.0,0.0,0.0,0.0,0.0,0.03,0,0,0,0,0,0,0,0,0,0,0,0,0,0,0,0,0,0,0,0,0
0.5413806438446045,0,0.0,0.0,0.0,0.0,0.0,0.0,0.0,0.0,0.03,0,0,0,0,0,0,0,0,0,0,0,0,0,0,0,0,0,0,0,0,0
0.543447732925415,0,0.0,0.0,0.0,0.0,0.0,0.0,0.0,0.0,0.03,0,0,0,0,0,0,0,0,0,0,0,0,0,0,0,0,0,0,0,0,0
0.5449526309967041,0,0.0,0.0,0.0,0.0,0.0,0.0,0.0,0.0,0.03,0,0,0,0,0,0,0,0,0,0,0,0,0,0,0,0,0,0,0,0,0
0.5463385581970215,0,0.0,0.0,0.0,0.0,0.0,0.0,0.0,0.0,0.03,0,0,0,0,0,0,0,0,0,0,0,0,0,0,0,0,0,0,0,0,0
0.5477521419525146,0,0.0,0.0,0.0,0.0,0.0,0.0,0.0,0.0,0.03,0,0,0,0,0,0,0,0,0,0,0,0,0,0,0,0,0,0,0,0,0
0.5496463775634766,0,0.0,0.0,0.0,0.0,0.0,0.0,0.0,0.0,0.03,0,0,0,0,0,0,0,0,0,0,0,0,0,0,0,0,0,0,0,0,0
0.5510120391845703,0,0.0,0.0,0.0,0.0,0.0,0.0,0.0,0.0,0.03,0,0,0,0,0,0,0,0,0,0,0,0,0,0,0,0,0,0,0,0,0
0.5523316860198975,0,0.0,0.0,0.0,0.0,0.0,0.0,0.0,0.0,0.03,0,0,0,0,0,0,0,0,0,0,0,0,0,0,0,0,0,0,0,0,0
0.553755521774292,0,0.0,0.0,0.0,0.0,0.0,0.0,0.0,0.0,0.03,0,0,0,0,0,0,0,0,0,0,0,0,0,0,0,0,0,0,0,0,0
0.5572299957275391,0,0.0,0.0,0.0,0.0,0.0,0.0,0.0,0.0,0.03,0,0,0,0,0,0,0,0,0,0,0,0,0,0,0,0,0,0,0,0,0
0.5585880279541016,0,0.0,0.0,0.0,0.0,0.0,0.0,0.0,0.0,0.03,0,0,0,0,0,0,0,0,0,0,0,0,0,0,0,0,0,0,0,0,0
0.5601596832275391,0,0.0,0.0,0.0,0.0,0.0,0.0,0.0,0.0,0.03,0,0,0,0,0,0,0,0,0,0,0,0,0,0,0,0,0,0,0,0,0
0.5634033679962158,0,0.0,0.0,0.0,0.0,0.0,0.0,0.0,0.0,0.03,0,0,0,0,0,0,0,0,0,0,0,0,0,0,0,0,0,0,0,0,0
0.5647637844085693,0,0.0,0.0,0.0,0.0,0.0,0.0,0.0,0.0,0.03,0,0,0,0,0,0,0,0,0,0,0,0,0,0,0,0,0,0,0,0,0
0.5661242008209229,0,0.0,0.0,0.0,0.0,0.0,0.0,0.0,0.0,0.03,0,0,0,0,0,0,0,0,0,0,0,0,0,0,0,0,0,0,0,0,0
0.5675654411315918,0,0.0,0.0,0.0,0.0,0.0,0.0,0.0,0.0,0.03,0,0,0,0,0,0,0,0,0,0,0,0,0,0,0,0,0,0,0,0,0
0.5695748329162598,0,0.0,0.0,0.0,0.0,0.0,0.0,0.0,0.0,0.03,0,0,0,0,0,0,0,0,0,0,0,0,0,0,0,0,0,0,0,0,0
0.5706555843353271,0,0.0,0.0,0.0,0.0,0.0,0.0,0.0,0.0,0.03,0,0,0,0,0,0,0,0,0,0,0,0,0,0,0,0,0,0,0,0,0
0.5724649429321289,0,0.0,0.0,0.0,0.0,0.0,0.0,0.0,0.0,0.03,0,0,0,0,0,0,0,0,0,0,0,0,0,0,0,0,0,0,0,0,0
0.5737836360931396,0,0.0,0.0,0.0,0.0,0.0,0.0,0.0,0.0,0.03,0,0,0,0,0,0,0,0,0,0,0,0,0,0,0,0,0,0,0,0,0
0.5749990940093994,0,0.0,0.0,0.0,0.0,0.0,0.0,0.0,0.0,0.03,0,0,0,0,0,0,0,0,0,0,0,0,0,0,0,0,0,0,0,0,0
0.5762772560119629,0,0.0,0.0,0.0,0.0,0.0,0.0,0.0,0.0,0.03,0,0,0,0,0,0,0,0,0,0,0,0,0,0,0,0,0,0,0,0,0
0.5779581069946289,0,0.0,0.0,0.0,0.0,0.0,0.0,0.0,0.0,0.03,0,0,0,0,0,0,0,0,0,0,0,0,0,0,0,0,0,0,0,0,0
0.5790541172027588,0,0.0,0.0,0.0,0.0,0.0,0.0,0.0,0.0,0.03,0,0,0,0,0,0,0,0,0,0,0,0,0,0,0,0,0,0,0,0,0
0.5813984870910645,0,0.0,0.0,0.0,0.0,0.0,0.0,0.0,0.0,0.03,0,0,0,0,0,0,0,0,0,0,0,0,0,0,0,0,0,0,0,0,0
0.5829699039459229,0,0.0,0.0,0.0,0.0,0.0,0.0,0.0,0.0,0.03,0,0,0,0,0,0,0,0,0,0,0,0,0,0,0,0,0,0,0,0,0
0.5845296382904053,0,0.0,0.0,0.0,0.0,0.0,0.0,0.0,0.0,0.03,0,0,0,0,0,0,0,0,0,0,0,0,0,0,0,0,0,0,0,0,0
0.5857429504394531,0,0.0,0.0,0.0,0.0,0.0,0.0,0.0,0.0,0.03,0,0,0,0,0,0,0,0,0,0,0,0,0,0,0,0,0,0,0,0,0
0.5869033336639404,0,0.0,0.0,0.0,0.0,0.0,0.0,0.0,0.0,0.03,0,0,0,0,0,0,0,0,0,0,0,0,0,0,0,0,0,0,0,0,0
0.5887069702148438,0,0.0,0.0,0.0,0.0,0.0,0.0,0.0,0.0,0.03,0,0,0,0,0,0,0,0,0,0,0,0,0,0,0,0,0,0,0,0,0
0.5900323390960693,0,0.0,0.0,0.0,0.0,0.0,0.0,0.0,0.0,0.03,0,0,0,0,0,0,0,0,0,0,0,0,0,0,0,0,0,0,0,0,0
0.5911366939544678,0,0.0,0.0,0.0,0.0,0.0,0.0,0.0,0.0,0.03,0,0,0,0,0,0,0,0,0,0,0,0,0,0,0,0,0,0,0,0,0
0.592353105545044,0,0.0,0.0,0.0,0.0,0.0,0.0,0.0,0.0,0.03,0,0,0,0,0,0,0,0,0,0,0,0,0,0,0,0,0,0,0,0,0
0.5938358306884766,0,0.0,0.0,0.0,0.0,0.0,0.0,0.0,0.0,0.03,0,0,0,0,0,0,0,0,0,0,0,0,0,0,0,0,0,0,0,0,0
0.5951032638549805,0,0.0,0.0,0.0,0.0,0.0,0.0,0.0,0.0,0.03,0,0,0,0,0,0,0,0,0,0,0,0,0,0,0,0,0,0,0,0,0
0.5962541103363037,0,0.0,0.0,0.0,0.0,0.0,0.0,0.0,0.0,0.03,0,0,0,0,0,0,0,0,0,0,0,0,0,0,0,0,0,0,0,0,0
0.5973424911499023,0,0.0,0.0,0.0,0.0,0.0,0.0,0.0,0.0,0.03,0,0,0,0,0,0,0,0,0,0,0,0,0,0,0,0,0,0,0,0,0
0.5987598896026611,0,0.0,0.0,0.0,0.0,0.0,0.0,0.0,0.0,0.03,0,0,0,0,0,0,0,0,0,0,0,0,0,0,0,0,0,0,0,0,0
0.6003720760345459,0,0.0,0.0,0.0,0.0,0.0,0.0,0.0,0.0,0.03,0,0,0,0,0,0,0,0,0,0,0,0,0,0,0,0,0,0,0,0,0
0.6019315719604492,0,0.0,0.0,0.0,0.0,0.0,0.0,0.0,0.0,0.03,0,0,0,0,0,0,0,0,0,0,0,0,0,0,0,0,0,0,0,0,0
0.603513240814209,0,0.0,0.0,0.0,0.0,0.0,0.0,0.0,0.0,0.03,0,0,0,0,0,0,0,0,0,0,0,0,0,0,0,0,0,0,0,0,0
0.6047728061676025,0,0.0,0.0,0.0,0.0,0.0,0.0,0.0,0.0,0.03,0,0,0,0,0,0,0,0,0,0,0,0,0,0,0,0,0,0,0,0,0
0.6061451435089111,0,0.0,0.0,0.0,0.0,0.0,0.0,0.0,0.0,0.03,0,0,0,0,0,0,0,0,0,0,0,0,0,0,0,0,0,0,0,0,0
0.607271671295166,0,0.0,0.0,0.0,0.0,0.0,0.0,0.0,0.0,0.03,0,0,0,0,0,0,0,0,0,0,0,0,0,0,0,0,0,0,0,0,0
0.608367919921875,0,0.0,0.0,0.0,0.0,0.0,0.0,0.0,0.0,0.03,0,0,0,0,0,0,0,0,0,0,0,0,0,0,0,0,0,0,0,0,0
0.6098315715789795,0,0.0,0.0,0.0,0.0,0.0,0.0,0.0,0.0,0.03,0,0,0,0,0,0,0,0,0,0,0,0,0,0,0,0,0,0,0,0,0
0.611405611038208,0,0.0,0.0,0.0,0.0,0.0,0.0,0.0,0.0,0.03,0,0,0,0,0,0,0,0,0,0,0,0,0,0,0,0,0,0,0,0,0
0.612494945526123,0,0.0,0.0,0.0,0.0,0.0,0.0,0.0,0.0,0.03,0,0,0,0,0,0,0,0,0,0,0,0,0,0,0,0,0,0,0,0,0
0.6153135299682617,0,0.0,0.0,0.0,0.0,0.0,0.0,0.0,0.0,0.03,0,0,0,0,0,0,0,0,0,0,0,0,0,0,0,0,0,0,0,0,0
0.6166107654571533,0,0.0,0.0,0.0,0.0,0.0,0.0,0.0,0.0,0.03,0,0,0,0,0,0,0,0,0,0,0,0,0,0,0,0,0,0,0,0,0
0.618250846862793,0,0.0,0.0,0.0,0.0,0.0,0.0,0.0,0.0,0.03,0,0,0,0,0,0,0,0,0,0,0,0,0,0,0,0,0,0,0,0,0
0.6204767227172852,0,0.0,0.0,0.0,0.0,0.0,0.0,0.0,0.0,0.03,0,0,0,0,0,0,0,0,0,0,0,0,0,0,0,0,0,0,0,0,0
0.6217408180236816,0,0.0,0.0,0.0,0.0,0.0,0.0,0.0,0.0,0.03,0,0,0,0,0,0,0,0,0,0,0,0,0,0,0,0,0,0,0,0,0
0.6231307983398438,0,0.0,0.0,0.0,0.0,0.0,0.0,0.0,0.0,0.03,0,0,0,0,0,0,0,0,0,0,0,0,0,0,0,0,0,0,0,0,0
0.6245477199554443,0,0.0,0.0,0.0,0.0,0.0,0.0,0.0,0.0,0.03,0,0,0,0,0,0,0,0,0,0,0,0,0,0,0,0,0,0,0,0,0
0.625767707824707,0,0.0,0.0,0.0,0.0,0.0,0.0,0.0,0.0,0.03,0,0,0,0,0,0,0,0,0,0,0,0,0,0,0,0,0,0,0,0,0
0.6269748210906982,0,0.0,0.0,0.0,0.0,0.0,0.0,0.0,0.0,0.03,0,0,0,0,0,0,0,0,0,0,0,0,0,0,0,0,0,0,0,0,0
0.6284129619598389,0,0.0,0.0,0.0,0.0,0.0,0.0,0.0,0.0,0.03,0,0,0,0,0,0,0,0,0,0,0,0,0,0,0,0,0,0,0,0,0
0.6295804977416992,0,0.0,0.0,0.0,0.0,0.0,0.0,0.0,0.0,0.03,0,0,0,0,0,0,0,0,0,0,0,0,0,0,0,0,0,0,0,0,0
0.630934476852417,0,0.0,0.0,0.0,0.0,0.0,0.0,0.0,0.0,0.03,0,0,0,0,0,0,0,0,0,0,0,0,0,0,0,0,0,0,0,0,0
0.632512092590332,0,0.0,0.0,0.0,0.0,0.0,0.0,0.0,0.0,0.03,0,0,0,0,0,0,0,0,0,0,0,0,0,0,0,0,0,0,0,0,0
0.6336860656738281,0,0.0,0.0,0.0,0.0,0.0,0.0,0.0,0.0,0.03,0,0,0,0,0,0,0,0,0,0,0,0,0,0,0,0,0,0,0,0,0
0.6348378658294678,0,0.0,0.0,0.0,0.0,0.0,0.0,0.0,0.0,0.03,0,0,0,0,0,0,0,0,0,0,0,0,0,0,0,0,0,0,0,0,0
0.6360433101654053,0,0.0,0.0,0.0,0.0,0.0,0.0,0.0,0.0,0.03,0,0,0,0,0,0,0,0,0,0,0,0,0,0,0,0,0,0,0,0,0
0.6371033191680908,0,0.0,0.0,0.0,0.0,0.0,0.0,0.0,0.0,0.03,0,0,0,0,0,0,0,0,0,0,0,0,0,0,0,0,0,0,0,0,0
0.6386697292327881,0,0.0,0.0,0.0,0.0,0.0,0.0,0.0,0.0,0.03,0,0,0,0,0,0,0,0,0,0,0,0,0,0,0,0,0,0,0,0,0
0.6399807929992676,0,0.0,0.0,0.0,0.0,0.0,0.0,0.0,0.0,0.03,0,0,0,0,0,0,0,0,0,0,0,0,0,0,0,0,0,0,0,0,0
0.641831636428833,0,0.0,0.0,0.0,0.0,0.0,0.0,0.0,0.0,0.03,0,0,0,0,0,0,0,0,0,0,0,0,0,0,0,0,0,0,0,0,0
0.643263578414917,0,0.0,0.0,0.0,0.0,0.0,0.0,0.0,0.0,0.03,0,0,0,0,0,0,0,0,0,0,0,0,0,0,0,0,0,0,0,0,0
0.6444535255432129,0,0.0,0.0,0.0,0.0,0.0,0.0,0.0,0.0,0.03,0,0,0,0,0,0,0,0,0,0,0,0,0,0,0,0,0,0,0,0,0
0.6455702781677246,0,0.0,0.0,0.0,0.0,0.0,0.0,0.0,0.0,0.03,0,0,0,0,0,0,0,0,0,0,0,0,0,0,0,0,0,0,0,0,0
0.647099494934082,0,0.0,0.0,0.0,0.0,0.0,0.0,0.0,0.0,0.03,0,0,0,0,0,0,0,0,0,0,0,0,0,0,0,0,0,0,0,0,0
0.6486148834228516,0,0.0,0.0,0.0,0.0,0.0,0.0,0.0,0.0,0.03,0,0,0,0,0,0,0,0,0,0,0,0,0,0,0,0,0,0,0,0,0
0.6497561931610107,0,0.0,0.0,0.0,0.0,0.0,0.0,0.0,0.0,0.03,0,0,0,0,0,0,0,0,0,0,0,0,0,0,0,0,0,0,0,0,0
0.6512711048126221,0,0.0,0.0,0.0,0.0,0.0,0.0,0.0,0.0,0.03,0,0,0,0,0,0,0,0,0,0,0,0,0,0,0,0,0,0,0,0,0
0.6524062156677246,0,0.0,0.0,0.0,0.0,0.0,0.0,0.0,0.0,0.03,0,0,0,0,0,0,0,0,0,0,0,0,0,0,0,0,0,0,0,0,0
0.653562068939209,0,0.0,0.0,0.0,0.0,0.0,0.0,0.0,0.0,0.03,0,0,0,0,0,0,0,0,0,0,0,0,0,0,0,0,0,0,0,0,0
0.6548271179199219,0,0.0,0.0,0.0,0.0,0.0,0.0,0.0,0.0,0.03,0,0,0,0,0,0,0,0,0,0,0,0,0,0,0,0,0,0,0,0,0
0.6559135913848877,0,0.0,0.0,0.0,0.0,0.0,0.0,0.0,0.0,0.03,0,0,0,0,0,0,0,0,0,0,0,0,0,0,0,0,0,0,0,0,0
0.6570234298706055,0,0.0,0.0,0.0,0.0,0.0,0.0,0.0,0.0,0.03,0,0,0,0,0,0,0,0,0,0,0,0,0,0,0,0,0,0,0,0,0
0.6582365036010742,0,0.0,0.0,0.0,0.0,0.0,0.0,0.0,0.0,0.03,0,0,0,0,0,0,0,0,0,0,0,0,0,0,0,0,0,0,0,0,0
0.6599695682525635,0,0.0,0.0,0.0,0.0,0.0,0.0,0.0,0.0,0.03,0,0,0,0,0,0,0,0,0,0,0,0,0,0,0,0,0,0,0,0,0
0.661773681640625,0,0.0,0.0,0.0,0.0,0.0,0.0,0.0,0.0,0.03,0,0,0,0,0,0,0,0,0,0,0,0,0,0,0,0,0,0,0,0,0
0.6628761291503906,0,0.0,0.0,0.0,0.0,0.0,0.0,0.0,0.0,0.03,0,0,0,0,0,0,0,0,0,0,0,0,0,0,0,0,0,0,0,0,0
0.6644420623779297,0,0.0,0.0,0.0,0.0,0.0,0.0,0.0,0.0,0.03,0,0,0,0,0,0,0,0,0,0,0,0,0,0,0,0,0,0,0,0,0
0.665708065032959,0,0.0,0.0,0.0,0.0,0.0,0.0,0.0,0.0,0.03,0,0,0,0,0,0,0,0,0,0,0,0,0,0,0,0,0,0,0,0,0
0.6670529842376709,0,0.0,0.0,0.0,0.0,0.0,0.0,0.0,0.0,0.03,0,0,0,0,0,0,0,0,0,0,0,0,0,0,0,0,0,0,0,0,0
0.6686346530914307,0,0.0,0.0,0.0,0.0,0.0,0.0,0.0,0.0,0.03,0,0,0,0,0,0,0,0,0,0,0,0,0,0,0,0,0,0,0,0,0
0.6697185039520264,0,0.0,0.0,0.0,0.0,0.0,0.0,0.0,0.0,0.03,0,0,0,0,0,0,0,0,0,0,0,0,0,0,0,0,0,0,0,0,0
0.6735520362854004,0,0.0,0.0,0.0,0.0,0.0,0.0,0.0,0.0,0.03,0,0,0,0,0,0,0,0,0,0,0,0,0,0,0,0,0,0,0,0,0
0.6747937202453613,0,0.0,0.0,0.0,0.0,0.0,0.0,0.0,0.0,0.03,0,0,0,0,0,0,0,0,0,0,0,0,0,0,0,0,0,0,0,0,0
0.6768364906311035,0,0.0,0.0,0.0,0.0,0.0,0.0,0.0,0.0,0.03,0,0,0,0,0,0,0,0,0,0,0,0,0,0,0,0,0,0,0,0,0
0.6797189712524414,0,0.0,0.0,0.0,0.0,0.0,0.0,0.0,0.0,0.03,0,0,0,0,0,0,0,0,0,0,0,0,0,0,0,0,0,0,0,0,0
0.6807994842529297,0,0.0,0.0,0.0,0.0,0.0,0.0,0.0,0.0,0.03,0,0,0,0,0,0,0,0,0,0,0,0,0,0,0,0,0,0,0,0,0
0.682147741317749,0,0.0,0.0,0.0,0.0,0.0,0.0,0.0,0.0,0.03,0,0,0,0,0,0,0,0,0,0,0,0,0,0,0,0,0,0,0,0,0
0.6832985877990723,0,0.0,0.0,0.0,0.0,0.0,0.0,0.0,0.0,0.03,0,0,0,0,0,0,0,0,0,0,0,0,0,0,0,0,0,0,0,0,0
0.6847414970397949,0,0.0,0.0,0.0,0.0,0.0,0.0,0.0,0.0,0.03,0,0,0,0,0,0,0,0,0,0,0,0,0,0,0,0,0,0,0,0,0
0.6864707469940186,0,0.0,0.0,0.0,0.0,0.0,0.0,0.0,0.0,0.03,0,0,0,0,0,0,0,0,0,0,0,0,0,0,0,0,0,0,0,0,0
0.6876707077026367,0,0.0,0.0,0.0,0.0,0.0,0.0,0.0,0.0,0.03,0,0,0,0,0,0,0,0,0,0,0,0,0,0,0,0,0,0,0,0,0
0.6888325214385986,0,0.0,0.0,0.0,0.0,0.0,0.0,0.0,0.0,0.03,0,0,0,0,0,0,0,0,0,0,0,0,0,0,0,0,0,0,0,0,0
0.6902728080749512,0,0.0,0.0,0.0,0.0,0.0,0.0,0.0,0.0,0.03,0,0,0,0,0,0,0,0,0,0,0,0,0,0,0,0,0,0,0,0,0
0.6914634704589844,0,0.0,0.0,0.0,0.0,0.0,0.0,0.0,0.0,0.03,0,0,0,0,0,0,0,0,0,0,0,0,0,0,0,0,0,0,0,0,0
0.6926531791687012,0,0.0,0.0,0.0,0.0,0.0,0.0,0.0,0.0,0.03,0,0,0,0,0,0,0,0,0,0,0,0,0,0,0,0,0,0,0,0,0
0.693850040435791,0,0.0,0.0,0.0,0.0,0.0,0.0,0.0,0.0,0.03,0,0,0,0,0,0,0,0,0,0,0,0,0,0,0,0,0,0,0,0,0
0.6949443817138672,0,0.0,0.0,0.0,0.0,0.0,0.0,0.0,0.0,0.03,0,0,0,0,0,0,0,0,0,0,0,0,0,0,0,0,0,0,0,0,0
0.6960749626159668,0,0.0,0.0,0.0,0.0,0.0,0.0,0.0,0.0,0.03,0,0,0,0,0,0,0,0,0,0,0,0,0,0,0,0,0,0,0,0,0
0.6971328258514404,0,0.0,0.0,0.0,0.0,0.0,0.0,0.0,0.0,0.03,0,0,0,0,0,0,0,0,0,0,0,0,0,0,0,0,0,0,0,0,0
0.6983168125152588,0,0.0,0.0,0.0,0.0,0.0,0.0,0.0,0.0,0.03,0,0,0,0,0,0,0,0,0,0,0,0,0,0,0,0,0,0,0,0,0
0.7000467777252197,0,0.0,0.0,0.0,0.0,0.0,0.0,0.0,0.0,0.03,0,0,0,0,0,0,0,0,0,0,0,0,0,0,0,0,0,0,0,0,0
0.7020242214202881,0,0.0,0.0,0.0,0.0,0.0,0.0,0.0,0.0,0.03,0,0,0,0,0,0,0,0,0,0,0,0,0,0,0,0,0,0,0,0,0
0.7036533355712891,0,0.0,0.0,0.0,0.0,0.0,0.0,0.0,0.0,0.03,0,0,0,0,0,0,0,0,0,0,0,0,0,0,0,0,0,0,0,0,0
0.7047913074493408,0,0.0,0.0,0.0,0.0,0.0,0.0,0.0,0.0,0.03,0,0,0,0,0,0,0,0,0,0,0,0,0,0,0,0,0,0,0,0,0
0.7059154510498047,0,0.0,0.0,0.0,0.0,0.0,0.0,0.0,0.0,0.03,0,0,0,0,0,0,0,0,0,0,0,0,0,0,0,0,0,0,0,0,0
0.707056999206543,0,0.0,0.0,0.0,0.0,0.0,0.0,0.0,0.0,0.03,0,0,0,0,0,0,0,0,0,0,0,0,0,0,0,0,0,0,0,0,0
0.7090325355529785,0,0.0,0.0,0.0,0.0,0.0,0.0,0.0,0.0,0.03,0,0,0,0,0,0,0,0,0,0,0,0,0,0,0,0,0,0,0,0,0
0.710108757019043,0,0.0,0.0,0.0,0.0,0.0,0.0,0.0,0.0,0.03,0,0,0,0,0,0,0,0,0,0,0,0,0,0,0,0,0,0,0,0,0
0.7112221717834473,0,0.0,0.0,0.0,0.0,0.0,0.0,0.0,0.0,0.03,0,0,0,0,0,0,0,0,0,0,0,0,0,0,0,0,0,0,0,0,0
0.7127799987792969,0,0.0,0.0,0.0,0.0,0.0,0.0,0.0,0.0,0.03,0,0,0,0,0,0,0,0,0,0,0,0,0,0,0,0,0,0,0,0,0
0.7140166759490967,0,0.0,0.0,0.0,0.0,0.0,0.0,0.0,0.0,0.03,0,0,0,0,0,0,0,0,0,0,0,0,0,0,0,0,0,0,0,0,0
0.7152583599090576,0,0.0,0.0,0.0,0.0,0.0,0.0,0.0,0.0,0.03,0,0,0,0,0,0,0,0,0,0,0,0,0,0,0,0,0,0,0,0,0
0.7164511680603027,0,0.0,0.0,0.0,0.0,0.0,0.0,0.0,0.0,0.03,0,0,0,0,0,0,0,0,0,0,0,0,0,0,0,0,0,0,0,0,0
0.7176434993743896,0,0.0,0.0,0.0,0.0,0.0,0.0,0.0,0.0,0.03,0,0,0,0,0,0,0,0,0,0,0,0,0,0,0,0,0,0,0,0,0
0.718726396560669,0,0.0,0.0,0.0,0.0,0.0,0.0,0.0,0.0,0.03,0,0,0,0,0,0,0,0,0,0,0,0,0,0,0,0,0,0,0,0,0
0.719895601272583,0,0.0,0.0,0.0,0.0,0.0,0.0,0.0,0.0,0.03,0,0,0,0,0,0,0,0,0,0,0,0,0,0,0,0,0,0,0,0,0
0.7214488983154297,0,0.0,0.0,0.0,0.0,0.0,0.0,0.0,0.0,0.03,0,0,0,0,0,0,0,0,0,0,0,0,0,0,0,0,0,0,0,0,0
0.7227821350097656,0,0.0,0.0,0.0,0.0,0.0,0.0,0.0,0.0,0.03,0,0,0,0,0,0,0,0,0,0,0,0,0,0,0,0,0,0,0,0,0
0.7241675853729248,0,0.0,0.0,0.0,0.0,0.0,0.0,0.0,0.0,0.03,0,0,0,0,0,0,0,0,0,0,0,0,0,0,0,0,0,0,0,0,0
0.7254955768585205,0,0.0,0.0,0.0,0.0,0.0,0.0,0.0,0.0,0.03,0,0,0,0,0,0,0,0,0,0,0,0,0,0,0,0,0,0,0,0,0
0.7282257080078125,0,0.0,0.0,0.0,0.0,0.0,0.0,0.0,0.0,0.03,0,0,0,0,0,0,0,0,0,0,0,0,0,0,0,0,0,0,0,0,0
0.7294166088104248,0,0.0,0.0,0.0,0.0,0.0,0.0,0.0,0.0,0.03,0,0,0,0,0,0,0,0,0,0,0,0,0,0,0,0,0,0,0,0,0
0.7305188179016113,0,0.0,0.0,0.0,0.0,0.0,0.0,0.0,0.0,0.03,0,0,0,0,0,0,0,0,0,0,0,0,0,0,0,0,0,0,0,0,0
0.7321772575378418,0,0.0,0.0,0.0,0.0,0.0,0.0,0.0,0.0,0.03,0,0,0,0,0,0,0,0,0,0,0,0,0,0,0,0,0,0,0,0,0
0.7332510948181152,0,0.0,0.0,0.0,0.0,0.0,0.0,0.0,0.0,0.03,0,0,0,0,0,0,0,0,0,0,0,0,0,0,0,0,0,0,0,0,0
0.7345142364501953,0,0.0,0.0,0.0,0.0,0.0,0.0,0.0,0.0,0.03,0,0,0,0,0,0,0,0,0,0,0,0,0,0,0,0,0,0,0,0,0
0.7366666793823242,0,0.0,0.0,0.0,0.0,0.0,0.0,0.0,0.0,0.03,0,0,0,0,0,0,0,0,0,0,0,0,0,0,0,0,0,0,0,0,0
0.7382302284240723,0,0.0,0.0,0.0,0.0,0.0,0.0,0.0,0.0,0.03,0,0,0,0,0,0,0,0,0,0,0,0,0,0,0,0,0,0,0,0,0
0.7402613162994385,0,0.0,0.0,0.0,0.0,0.0,0.0,0.0,0.0,0.03,0,0,0,0,0,0,0,0,0,0,0,0,0,0,0,0,0,0,0,0,0
0.7414624691009521,0,0.0,0.0,0.0,0.0,0.0,0.0,0.0,0.0,0.03,0,0,0,0,0,0,0,0,0,0,0,0,0,0,0,0,0,0,0,0,0
0.7431275844573975,0,0.0,0.0,0.0,0.0,0.0,0.0,0.0,0.0,0.03,0,0,0,0,0,0,0,0,0,0,0,0,0,0,0,0,0,0,0,0,0
0.7444922924041748,0,0.0,0.0,0.0,0.0,0.0,0.0,0.0,0.0,0.03,0,0,0,0,0,0,0,0,0,0,0,0,0,0,0,0,0,0,0,0,0
0.7457001209259033,0,0.0,0.0,0.0,0.0,0.0,0.0,0.0,0.0,0.03,0,0,0,0,0,0,0,0,0,0,0,0,0,0,0,0,0,0,0,0,0
0.7471408843994141,0,0.0,0.0,0.0,0.0,0.0,0.0,0.0,0.0,0.03,0,0,0,0,0,0,0,0,0,0,0,0,0,0,0,0,0,0,0,0,0
0.7492430210113525,0,0.0,0.0,0.0,0.0,0.0,0.0,0.0,0.0,0.03,0,0,0,0,0,0,0,0,0,0,0,0,0,0,0,0,0,0,0,0,0
0.7506310939788818,0,0.0,0.0,0.0,0.0,0.0,0.0,0.0,0.0,0.03,0,0,0,0,0,0,0,0,0,0,0,0,0,0,0,0,0,0,0,0,0
0.7521877288818359,0,0.0,0.0,0.0,0.0,0.0,0.0,0.0,0.0,0.03,0,0,0,0,0,0,0,0,0,0,0,0,0,0,0,0,0,0,0,0,0
0.7538783550262451,0,0.0,0.0,0.0,0.0,0.0,0.0,0.0,0.0,0.03,0,0,0,0,0,0,0,0,0,0,0,0,0,0,0,0,0,0,0,0,0
0.7549760341644287,0,0.0,0.0,0.0,0.0,0.0,0.0,0.0,0.0,0.03,0,0,0,0,0,0,0,0,0,0,0,0,0,0,0,0,0,0,0,0,0
0.7560949325561523,0,0.0,0.0,0.0,0.0,0.0,0.0,0.0,0.0,0.03,0,0,0,0,0,0,0,0,0,0,0,0,0,0,0,0,0,0,0,0,0
0.7572152614593506,0,0.0,0.0,0.0,0.0,0.0,0.0,0.0,0.0,0.03,0,0,0,0,0,0,0,0,0,0,0,0,0,0,0,0,0,0,0,0,0
0.7583937644958496,0,0.0,0.0,0.0,0.0,0.0,0.0,0.0,0.0,0.03,0,0,0,0,0,0,0,0,0,0,0,0,0,0,0,0,0,0,0,0,0
0.7596151828765869,0,0.0,0.0,0.0,0.0,0.0,0.0,0.0,0.0,0.03,0,0,0,0,0,0,0,0,0,0,0,0,0,0,0,0,0,0,0,0,0
0.7607235908508301,0,0.0,0.0,0.0,0.0,0.0,0.0,0.0,0.0,0.03,0,0,0,0,0,0,0,0,0,0,0,0,0,0,0,0,0,0,0,0,0
0.7623298168182373,0,0.0,0.0,0.0,0.0,0.0,0.0,0.0,0.0,0.03,0,0,0,0,0,0,0,0,0,0,0,0,0,0,0,0,0,0,0,0,0
0.763613224029541,0,0.0,0.0,0.0,0.0,0.0,0.0,0.0,0.0,0.03,0,0,0,0,0,0,0,0,0,0,0,0,0,0,0,0,0,0,0,0,0
0.765172004699707,0,0.0,0.0,0.0,0.0,0.0,0.0,0.0,0.0,0.03,0,0,0,0,0,0,0,0,0,0,0,0,0,0,0,0,0,0,0,0,0
0.7662622928619385,0,0.0,0.0,0.0,0.0,0.0,0.0,0.0,0.0,0.03,0,0,0,0,0,0,0,0,0,0,0,0,0,0,0,0,0,0,0,0,0
0.767327070236206,0,0.0,0.0,0.0,0.0,0.0,0.0,0.0,0.0,0.03,0,0,0,0,0,0,0,0,0,0,0,0,0,0,0,0,0,0,0,0,0
0.7686169147491455,0,0.0,0.0,0.0,0.0,0.0,0.0,0.0,0.0,0.03,0,0,0,0,0,0,0,0,0,0,0,0,0,0,0,0,0,0,0,0,0
0.7703070640563965,0,0.0,0.0,0.0,0.0,0.0,0.0,0.0,0.0,0.03,0,0,0,0,0,0,0,0,0,0,0,0,0,0,0,0,0,0,0,0,0
0.7718939781188965,0,0.0,0.0,0.0,0.0,0.0,0.0,0.0,0.0,0.03,0,0,0,0,0,0,0,0,0,0,0,0,0,0,0,0,0,0,0,0,0
0.7730586528778076,0,0.0,0.0,0.0,0.0,0.0,0.0,0.0,0.0,0.03,0,0,0,0,0,0,0,0,0,0,0,0,0,0,0,0,0,0,0,0,0
0.774838924407959,0,0.0,0.0,0.0,0.0,0.0,0.0,0.0,0.0,0.03,0,0,0,0,0,0,0,0,0,0,0,0,0,0,0,0,0,0,0,0,0
0.7760262489318848,0,0.0,0.0,0.0,0.0,0.0,0.0,0.0,0.0,0.03,0,0,0,0,0,0,0,0,0,0,0,0,0,0,0,0,0,0,0,0,0
0.7772741317749023,0,0.0,0.0,0.0,0.0,0.0,0.0,0.0,0.0,0.03,0,0,0,0,0,0,0,0,0,0,0,0,0,0,0,0,0,0,0,0,0
0.7784628868103027,0,0.0,0.0,0.0,0.0,0.0,0.0,0.0,0.0,0.03,0,0,0,0,0,0,0,0,0,0,0,0,0,0,0,0,0,0,0,0,0
0.7796716690063477,0,0.0,0.0,0.0,0.0,0.0,0.0,0.0,0.0,0.03,0,0,0,0,0,0,0,0,0,0,0,0,0,0,0,0,0,0,0,0,0
0.7811012268066406,0,0.0,0.0,0.0,0.0,0.0,0.0,0.0,0.0,0.03,0,0,0,0,0,0,0,0,0,0,0,0,0,0,0,0,0,0,0,0,0
0.7831223011016846,0,0.0,0.0,0.0,0.0,0.0,0.0,0.0,0.0,0.03,0,0,0,0,0,0,0,0,0,0,0,0,0,0,0,0,0,0,0,0,0
0.7843465805053711,0,0.0,0.0,0.0,0.0,0.0,0.0,0.0,0.0,0.03,0,0,0,0,0,0,0,0,0,0,0,0,0,0,0,0,0,0,0,0,0
0.7855713367462158,0,0.0,0.0,0.0,0.0,0.0,0.0,0.0,0.0,0.03,0,0,0,0,0,0,0,0,0,0,0,0,0,0,0,0,0,0,0,0,0
0.7867271900177002,0,0.0,0.0,0.0,0.0,0.0,0.0,0.0,0.0,0.03,0,0,0,0,0,0,0,0,0,0,0,0,0,0,0,0,0,0,0,0,0
0.787818193435669,0,0.0,0.0,0.0,0.0,0.0,0.0,0.0,0.0,0.03,0,0,0,0,0,0,0,0,0,0,0,0,0,0,0,0,0,0,0,0,0
0.7896473407745361,0,0.0,0.0,0.0,0.0,0.0,0.0,0.0,0.0,0.03,0,0,0,0,0,0,0,0,0,0,0,0,0,0,0,0,0,0,0,0,0
0.7909221649169922,0,0.0,0.0,0.0,0.0,0.0,0.0,0.0,0.0,0.03,0,0,0,0,0,0,0,0,0,0,0,0,0,0,0,0,0,0,0,0,0
0.7921221256256104,0,0.0,0.0,0.0,0.0,0.0,0.0,0.0,0.0,0.03,0,0,0,0,0,0,0,0,0,0,0,0,0,0,0,0,0,0,0,0,0
0.7932953834533691,0,0.0,0.0,0.0,0.0,0.0,0.0,0.0,0.0,0.03,0,0,0,0,0,0,0,0,0,0,0,0,0,0,0,0,0,0,0,0,0
0.7947137355804443,0,0.0,0.0,0.0,0.0,0.0,0.0,0.0,0.0,0.03,0,0,0,0,0,0,0,0,0,0,0,0,0,0,0,0,0,0,0,0,0
0.7957906723022461,0,0.0,0.0,0.0,0.0,0.0,0.0,0.0,0.0,0.03,0,0,0,0,0,0,0,0,0,0,0,0,0,0,0,0,0,0,0,0,0
0.7995941638946533,0,0.0,0.0,0.0,0.0,0.0,0.0,0.0,0.0,0.03,0,0,0,0,0,0,0,0,0,0,0,0,0,0,0,0,0,0,0,0,0
0.8010435104370117,0,0.0,0.0,0.0,0.0,0.0,0.0,0.0,0.0,0.03,0,0,0,0,0,0,0,0,0,0,0,0,0,0,0,0,0,0,0,0,0
0.8023717403411865,0,0.0,0.0,0.0,0.0,0.0,0.0,0.0,0.0,0.03,0,0,0,0,0,0,0,0,0,0,0,0,0,0,0,0,0,0,0,0,0
0.8050940036773682,0,0.0,0.0,0.0,0.0,0.0,0.0,0.0,0.0,0.03,0,0,0,0,0,0,0,0,0,0,0,0,0,0,0,0,0,0,0,0,0
0.806189775466919,0,0.0,0.0,0.0,0.0,0.0,0.0,0.0,0.0,0.03,0,0,0,0,0,0,0,0,0,0,0,0,0,0,0,0,0,0,0,0,0
0.8075406551361084,0,0.0,0.0,0.0,0.0,0.0,0.0,0.0,0.0,0.03,0,0,0,0,0,0,0,0,0,0,0,0,0,0,0,0,0,0,0,0,0
0.8087179660797119,0,0.0,0.0,0.0,0.0,0.0,0.0,0.0,0.0,0.03,0,0,0,0,0,0,0,0,0,0,0,0,0,0,0,0,0,0,0,0,0
0.80985426902771,0,0.0,0.0,0.0,0.0,0.0,0.0,0.0,0.0,0.03,0,0,0,0,0,0,0,0,0,0,0,0,0,0,0,0,0,0,0,0,0
0.811713695526123,0,0.0,0.0,0.0,0.0,0.0,0.0,0.0,0.0,0.03,0,0,0,0,0,0,0,0,0,0,0,0,0,0,0,0,0,0,0,0,0
0.8132014274597168,0,0.0,0.0,0.0,0.0,0.0,0.0,0.0,0.0,0.03,0,0,0,0,0,0,0,0,0,0,0,0,0,0,0,0,0,0,0,0,0
0.8142898082733154,0,0.0,0.0,0.0,0.0,0.0,0.0,0.0,0.0,0.03,0,0,0,0,0,0,0,0,0,0,0,0,0,0,0,0,0,0,0,0,0
0.81577467918396,0,0.0,0.0,0.0,0.0,0.0,0.0,0.0,0.0,0.03,0,0,0,0,0,0,0,0,0,0,0,0,0,0,0,0,0,0,0,0,0
0.8170657157897949,0,0.0,0.0,0.0,0.0,0.0,0.0,0.0,0.0,0.03,0,0,0,0,0,0,0,0,0,0,0,0,0,0,0,0,0,0,0,0,0
0.8181519508361816,0,0.0,0.0,0.0,0.0,0.0,0.0,0.0,0.0,0.03,0,0,0,0,0,0,0,0,0,0,0,0,0,0,0,0,0,0,0,0,0
0.8192687034606934,0,0.0,0.0,0.0,0.0,0.0,0.0,0.0,0.0,0.03,0,0,0,0,0,0,0,0,0,0,0,0,0,0,0,0,0,0,0,0,0
0.8204247951507568,0,0.0,0.0,0.0,0.0,0.0,0.0,0.0,0.0,0.03,0,0,0,0,0,0,0,0,0,0,0,0,0,0,0,0,0,0,0,0,0
0.8215100765228271,0,0.0,0.0,0.0,0.0,0.0,0.0,0.0,0.0,0.03,0,0,0,0,0,0,0,0,0,0,0,0,0,0,0,0,0,0,0,0,0
0.8231978416442871,0,0.0,0.0,0.0,0.0,0.0,0.0,0.0,0.0,0.03,0,0,0,0,0,0,0,0,0,0,0,0,0,0,0,0,0,0,0,0,0
0.8247337341308594,0,0.0,0.0,0.0,0.0,0.0,0.0,0.0,0.0,0.03,0,0,0,0,0,0,0,0,0,0,0,0,0,0,0,0,0,0,0,0,0
0.8276467323303223,0,0.0,0.0,0.0,0.0,0.0,0.0,0.0,0.0,0.03,0,0,0,0,0,0,0,0,0,0,0,0,0,0,0,0,0,0,0,0,0
0.8289446830749512,0,0.0,0.0,0.0,0.0,0.0,0.0,0.0,0.0,0.03,0,0,0,0,0,0,0,0,0,0,0,0,0,0,0,0,0,0,0,0,0
0.8300423622131348,0,0.0,0.0,0.0,0.0,0.0,0.0,0.0,0.0,0.03,0,0,0,0,0,0,0,0,0,0,0,0,0,0,0,0,0,0,0,0,0
0.8322536945343018,0,0.0,0.0,0.0,0.0,0.0,0.0,0.0,0.0,0.03,0,0,0,0,0,0,0,0,0,0,0,0,0,0,0,0,0,0,0,0,0
0.8333511352539062,0,0.0,0.0,0.0,0.0,0.0,0.0,0.0,0.0,0.03,0,0,0,0,0,0,0,0,0,0,0,0,0,0,0,0,0,0,0,0,0
0.834444522857666,0,0.0,0.0,0.0,0.0,0.0,0.0,0.0,0.0,0.03,0,0,0,0,0,0,0,0,0,0,0,0,0,0,0,0,0,0,0,0,0
0.8357775211334229,0,0.0,0.0,0.0,0.0,0.0,0.0,0.0,0.0,0.03,0,0,0,0,0,0,0,0,0,0,0,0,0,0,0,0,0,0,0,0,0
0.8369548320770264,0,0.0,0.0,0.0,0.0,0.0,0.0,0.0,0.0,0.03,0,0,0,0,0,0,0,0,0,0,0,0,0,0,0,0,0,0,0,0,0
0.8380899429321289,0,0.0,0.0,0.0,0.0,0.0,0.0,0.0,0.0,0.03,0,0,0,0,0,0,0,0,0,0,0,0,0,0,0,0,0,0,0,0,0
0.8391909599304199,0,0.0,0.0,0.0,0.0,0.0,0.0,0.0,0.0,0.03,0,0,0,0,0,0,0,0,0,0,0,0,0,0,0,0,0,0,0,0,0
0.8402721881866455,0,0.0,0.0,0.0,0.0,0.0,0.0,0.0,0.0,0.03,0,0,0,0,0,0,0,0,0,0,0,0,0,0,0,0,0,0,0,0,0
0.8413558006286621,0,0.0,0.0,0.0,0.0,0.0,0.0,0.0,0.0,0.03,0,0,0,0,0,0,0,0,0,0,0,0,0,0,0,0,0,0,0,0,0
0.8428092002868652,0,0.0,0.0,0.0,0.0,0.0,0.0,0.0,0.0,0.03,0,0,0,0,0,0,0,0,0,0,0,0,0,0,0,0,0,0,0,0,0
0.8440353870391846,0,0.0,0.0,0.0,0.0,0.0,0.0,0.0,0.0,0.03,0,0,0,0,0,0,0,0,0,0,0,0,0,0,0,0,0,0,0,0,0
0.8471343517303467,0,0.0,0.0,0.0,0.0,0.0,0.0,0.0,0.0,0.03,0,0,0,0,0,0,0,0,0,0,0,0,0,0,0,0,0,0,0,0,0
0.8484644889831543,0,0.0,0.0,0.0,0.0,0.0,0.0,0.0,0.0,0.03,0,0,0,0,0,0,0,0,0,0,0,0,0,0,0,0,0,0,0,0,0
0.8495578765869141,0,0.0,0.0,0.0,0.0,0.0,0.0,0.0,0.0,0.03,0,0,0,0,0,0,0,0,0,0,0,0,0,0,0,0,0,0,0,0,0
0.8507483005523682,0,0.0,0.0,0.0,0.0,0.0,0.0,0.0,0.0,0.03,0,0,0,0,0,0,0,0,0,0,0,0,0,0,0,0,0,0,0,0,0
0.85184645652771,0,0.0,0.0,0.0,0.0,0.0,0.0,0.0,0.0,0.03,0,0,0,0,0,0,0,0,0,0,0,0,0,0,0,0,0,0,0,0,0
0.8529841899871826,0,0.0,0.0,0.0,0.0,0.0,0.0,0.0,0.0,0.03,0,0,0,0,0,0,0,0,0,0,0,0,0,0,0,0,0,0,0,0,0
0.8555145263671875,0,0.0,0.0,0.0,0.0,0.0,0.0,0.0,0.0,0.03,0,0,0,0,0,0,0,0,0,0,0,0,0,0,0,0,0,0,0,0,0
0.859337329864502,0,0.0,0.0,0.0,0.0,0.0,0.0,0.0,0.0,0.03,0,0,0,0,0,0,0,0,0,0,0,0,0,0,0,0,0,0,0,0,0
0.8610873222351074,0,0.0,0.0,0.0,0.0,0.0,0.0,0.0,0.0,0.03,0,0,0,0,0,0,0,0,0,0,0,0,0,0,0,0,0,0,0,0,0
0.8631196022033691,0,0.0,0.0,0.0,0.0,0.0,0.0,0.0,0.0,0.03,0,0,0,0,0,0,0,0,0,0,0,0,0,0,0,0,0,0,0,0,0
0.8667483329772949,0,0.0,0.0,0.0,0.0,0.0,0.0,0.0,0.0,0.03,0,0,0,0,0,0,0,0,0,0,0,0,0,0,0,0,0,0,0,0,0
0.8680977821350098,0,0.0,0.0,0.0,0.0,0.0,0.0,0.0,0.0,0.03,0,0,0,0,0,0,0,0,0,0,0,0,0,0,0,0,0,0,0,0,0
0.8696296215057373,0,0.0,0.0,0.0,0.0,0.0,0.0,0.0,0.0,0.03,0,0,0,0,0,0,0,0,0,0,0,0,0,0,0,0,0,0,0,0,0
0.8715617656707764,0,0.0,0.0,0.0,0.0,0.0,0.0,0.0,0.0,0.03,0,0,0,0,0,0,0,0,0,0,0,0,0,0,0,0,0,0,0,0,0
0.8726596832275391,0,0.0,0.0,0.0,0.0,0.0,0.0,0.0,0.0,0.03,0,0,0,0,0,0,0,0,0,0,0,0,0,0,0,0,0,0,0,0,0
0.8739039897918701,0,0.0,0.0,0.0,0.0,0.0,0.0,0.0,0.0,0.03,0,0,0,0,0,0,0,0,0,0,0,0,0,0,0,0,0,0,0,0,0
0.8754918575286865,0,0.0,0.0,0.0,0.0,0.0,0.0,0.0,0.0,0.03,0,0,0,0,0,0,0,0,0,0,0,0,0,0,0,0,0,0,0,0,0
0.8766040802001953,0,0.0,0.0,0.0,0.0,0.0,0.0,0.0,0.0,0.03,0,0,0,0,0,0,0,0,0,0,0,0,0,0,0,0,0,0,0,0,0
0.8776919841766357,0,0.0,0.0,0.0,0.0,0.0,0.0,0.0,0.0,0.03,0,0,0,0,0,0,0,0,0,0,0,0,0,0,0,0,0,0,0,0,0
0.8788542747497559,0,0.0,0.0,0.0,0.0,0.0,0.0,0.0,0.0,0.03,0,0,0,0,0,0,0,0,0,0,0,0,0,0,0,0,0,0,0,0,0
0.879939079284668,0,0.0,0.0,0.0,0.0,0.0,0.0,0.0,0.0,0.03,0,0,0,0,0,0,0,0,0,0,0,0,0,0,0,0,0,0,0,0,0
0.881488561630249,0,0.0,0.0,0.0,0.0,0.0,0.0,0.0,0.0,0.03,0,0,0,0,0,0,0,0,0,0,0,0,0,0,0,0,0,0,0,0,0
0.8833744525909424,0,0.0,0.0,0.0,0.0,0.0,0.0,0.0,0.0,0.03,0,0,0,0,0,0,0,0,0,0,0,0,0,0,0,0,0,0,0,0,0
0.8847095966339111,0,0.0,0.0,0.0,0.0,0.0,0.0,0.0,0.0,0.03,0,0,0,0,0,0,0,0,0,0,0,0,0,0,0,0,0,0,0,0,0
0.8860349655151367,0,0.0,0.0,0.0,0.0,0.0,0.0,0.0,0.0,0.03,0,0,0,0,0,0,0,0,0,0,0,0,0,0,0,0,0,0,0,0,0
0.8871910572052002,0,0.0,0.0,0.0,0.0,0.0,0.0,0.0,0.0,0.03,0,0,0,0,0,0,0,0,0,0,0,0,0,0,0,0,0,0,0,0,0
0.8888499736785889,0,0.0,0.0,0.0,0.0,0.0,0.0,0.0,0.0,0.03,0,0,0,0,0,0,0,0,0,0,0,0,0,0,0,0,0,0,0,0,0
0.8904533386230469,0,0.0,0.0,0.0,0.0,0.0,0.0,0.0,0.0,0.03,0,0,0,0,0,0,0,0,0,0,0,0,0,0,0,0,0,0,0,0,0
0.8915822505950928,0,0.0,0.0,0.0,0.0,0.0,0.0,0.0,0.0,0.03,0,0,0,0,0,0,0,0,0,0,0,0,0,0,0,0,0,0,0,0,0
0.8928248882293701,0,0.0,0.0,0.0,0.0,0.0,0.0,0.0,0.0,0.03,0,0,0,0,0,0,0,0,0,0,0,0,0,0,0,0,0,0,0,0,0
0.8942253589630127,0,0.0,0.0,0.0,0.0,0.0,0.0,0.0,0.0,0.03,0,0,0,0,0,0,0,0,0,0,0,0,0,0,0,0,0,0,0,0,0
0.8953151702880859,0,0.0,0.0,0.0,0.0,0.0,0.0,0.0,0.0,0.03,0,0,0,0,0,0,0,0,0,0,0,0,0,0,0,0,0,0,0,0,0
0.8975789546966553,0,0.0,0.0,0.0,0.0,0.0,0.0,0.0,0.0,0.03,0,0,0,0,0,0,0,0,0,0,0,0,0,0,0,0,0,0,0,0,0
0.8991389274597168,0,0.0,0.0,0.0,0.0,0.0,0.0,0.0,0.0,0.03,0,0,0,0,0,0,0,0,0,0,0,0,0,0,0,0,0,0,0,0,0
0.9019193649291992,0,0.0,0.0,0.0,0.0,0.0,0.0,0.0,0.0,0.03,0,0,0,0,0,0,0,0,0,0,0,0,0,0,0,0,0,0,0,0,0
0.9034812450408936,0,0.0,0.0,0.0,0.0,0.0,0.0,0.0,0.0,0.03,0,0,0,0,0,0,0,0,0,0,0,0,0,0,0,0,0,0,0,0,0
0.9045617580413818,0,0.0,0.0,0.0,0.0,0.0,0.0,0.0,0.0,0.03,0,0,0,0,0,0,0,0,0,0,0,0,0,0,0,0,0,0,0,0,0
0.9059433937072754,0,0.0,0.0,0.0,0.0,0.0,0.0,0.0,0.0,0.03,0,0,0,0,0,0,0,0,0,0,0,0,0,0,0,0,0,0,0,0,0
0.9071090221405029,0,0.0,0.0,0.0,0.0,0.0,0.0,0.0,0.0,0.03,0,0,0,0,0,0,0,0,0,0,0,0,0,0,0,0,0,0,0,0,0
0.9083142280578613,0,0.0,0.0,0.0,0.0,0.0,0.0,0.0,0.0,0.03,0,0,0,0,0,0,0,0,0,0,0,0,0,0,0,0,0,0,0,0,0
0.9094359874725342,0,0.0,0.0,0.0,0.0,0.0,0.0,0.0,0.0,0.03,0,0,0,0,0,0,0,0,0,0,0,0,0,0,0,0,0,0,0,0,0
0.9105761051177979,0,0.0,0.0,0.0,0.0,0.0,0.0,0.0,0.0,0.03,0,0,0,0,0,0,0,0,0,0,0,0,0,0,0,0,0,0,0,0,0
0.9117684364318848,0,0.0,0.0,0.0,0.0,0.0,0.0,0.0,0.0,0.03,0,0,0,0,0,0,0,0,0,0,0,0,0,0,0,0,0,0,0,0,0
0.9128963947296143,0,0.0,0.0,0.0,0.0,0.0,0.0,0.0,0.0,0.03,0,0,0,0,0,0,0,0,0,0,0,0,0,0,0,0,0,0,0,0,0
0.913982629776001,0,0.0,0.0,0.0,0.0,0.0,0.0,0.0,0.0,0.03,0,0,0,0,0,0,0,0,0,0,0,0,0,0,0,0,0,0,0,0,0
0.9170165061950684,0,0.0,0.0,0.0,0.0,0.0,0.0,0.0,0.0,0.03,0,0,0,0,0,0,0,0,0,0,0,0,0,0,0,0,0,0,0,0,0
0.9189095497131348,0,0.0,0.0,0.0,0.0,0.0,0.0,0.0,0.0,0.03,0,0,0,0,0,0,0,0,0,0,0,0,0,0,0,0,0,0,0,0,0
0.9204518795013428,0,0.0,0.0,0.0,0.0,0.0,0.0,0.0,0.0,0.03,0,0,0,0,0,0,0,0,0,0,0,0,0,0,0,0,0,0,0,0,0
0.9227454662322998,0,0.0,0.0,0.0,0.0,0.0,0.0,0.0,0.0,0.03,0,0,0,0,0,0,0,0,0,0,0,0,0,0,0,0,0,0,0,0,0
0.9243085384368896,0,0.0,0.0,0.0,0.0,0.0,0.0,0.0,0.0,0.03,0,0,0,0,0,0,0,0,0,0,0,0,0,0,0,0,0,0,0,0,0
0.9257705211639404,0,0.0,0.0,0.0,0.0,0.0,0.0,0.0,0.0,0.03,0,0,0,0,0,0,0,0,0,0,0,0,0,0,0,0,0,0,0,0,0
0.9271230697631836,0,0.0,0.0,0.0,0.0,0.0,0.0,0.0,0.0,0.03,0,0,0,0,0,0,0,0,0,0,0,0,0,0,0,0,0,0,0,0,0
0.929093599319458,0,0.0,0.0,0.0,0.0,0.0,0.0,0.0,0.0,0.03,0,0,0,0,0,0,0,0,0,0,0,0,0,0,0,0,0,0,0,0,0
0.9301853179931641,0,0.0,0.0,0.0,0.0,0.0,0.0,0.0,0.0,0.03,0,0,0,0,0,0,0,0,0,0,0,0,0,0,0,0,0,0,0,0,0
0.9325957298278809,0,0.0,0.0,0.0,0.0,0.0,0.0,0.0,0.0,0.03,0,0,0,0,0,0,0,0,0,0,0,0,0,0,0,0,0,0,0,0,0
0.9337282180786133,0,0.0,0.0,0.0,0.0,0.0,0.0,0.0,0.0,0.03,0,0,0,0,0,0,0,0,0,0,0,0,0,0,0,0,0,0,0,0,0
0.9348602294921875,0,0.0,0.0,0.0,0.0,0.0,0.0,0.0,0.0,0.03,0,0,0,0,0,0,0,0,0,0,0,0,0,0,0,0,0,0,0,0,0
0.9360191822052002,0,0.0,0.0,0.0,0.0,0.0,0.0,0.0,0.0,0.03,0,0,0,0,0,0,0,0,0,0,0,0,0,0,0,0,0,0,0,0,0
0.9371135234832764,0,0.0,0.0,0.0,0.0,0.0,0.0,0.0,0.0,0.03,0,0,0,0,0,0,0,0,0,0,0,0,0,0,0,0,0,0,0,0,0
0.9381952285766602,0,0.0,0.0,0.0,0.0,0.0,0.0,0.0,0.0,0.03,0,0,0,0,0,0,0,0,0,0,0,0,0,0,0,0,0,0,0,0,0
0.9405360221862793,0,0.0,0.0,0.0,0.0,0.0,0.0,0.0,0.0,0.03,0,0,0,0,0,0,0,0,0,0,0,0,0,0,0,0,0,0,0,0,0
0.9420535564422607,0,0.0,0.0,0.0,0.0,0.0,0.0,0.0,0.0,0.03,0,0,0,0,0,0,0,0,0,0,0,0,0,0,0,0,0,0,0,0,0
0.9438321590423584,0,0.0,0.0,0.0,0.0,0.0,0.0,0.0,0.0,0.03,0,0,0,0,0,0,0,0,0,0,0,0,0,0,0,0,0,0,0,0,0
0.9450230598449707,0,0.0,0.0,0.0,0.0,0.0,0.0,0.0,0.0,0.03,0,0,0,0,0,0,0,0,0,0,0,0,0,0,0,0,0,0,0,0,0
0.9466512203216553,0,0.0,0.0,0.0,0.0,0.0,0.0,0.0,0.0,0.03,0,0,0,0,0,0,0,0,0,0,0,0,0,0,0,0,0,0,0,0,0
0.9479634761810303,0,0.0,0.0,0.0,0.0,0.0,0.0,0.0,0.0,0.03,0,0,0,0,0,0,0,0,0,0,0,0,0,0,0,0,0,0,0,0,0
0.9490609169006348,0,0.0,0.0,0.0,0.0,0.0,0.0,0.0,0.0,0.03,0,0,0,0,0,0,0,0,0,0,0,0,0,0,0,0,0,0,0,0,0
0.9515788555145264,0,0.0,0.0,0.0,0.0,0.0,0.0,0.0,0.0,0.03,0,0,0,0,0,0,0,0,0,0,0,0,0,0,0,0,0,0,0,0,0
0.9526755809783936,0,0.0,0.0,0.0,0.0,0.0,0.0,0.0,0.0,0.03,0,0,0,0,0,0,0,0,0,0,0,0,0,0,0,0,0,0,0,0,0
0.953911542892456,0,0.0,0.0,0.0,0.0,0.0,0.0,0.0,0.0,0.03,0,0,0,0,0,0,0,0,0,0,0,0,0,0,0,0,0,0,0,0,0
0.9550034999847412,0,0.0,0.0,0.0,0.0,0.0,0.0,0.0,0.0,0.03,0,0,0,0,0,0,0,0,0,0,0,0,0,0,0,0,0,0,0,0,0
0.9560866355895996,0,0.0,0.0,0.0,0.0,0.0,0.0,0.0,0.0,0.03,0,0,0,0,0,0,0,0,0,0,0,0,0,0,0,0,0,0,0,0,0
0.9585568904876709,0,0.0,0.0,0.0,0.0,0.0,0.0,0.0,0.0,0.03,0,0,0,0,0,0,0,0,0,0,0,0,0,0,0,0,0,0,0,0,0
0.9608912467956543,0,0.0,0.0,0.0,0.0,0.0,0.0,0.0,0.0,0.03,0,0,0,0,0,0,0,0,0,0,0,0,0,0,0,0,0,0,0,0,0
0.9619767665863037,0,0.0,0.0,0.0,0.0,0.0,0.0,0.0,0.0,0.03,0,0,0,0,0,0,0,0,0,0,0,0,0,0,0,0,0,0,0,0,0
0.9631292819976807,0,0.0,0.0,0.0,0.0,0.0,0.0,0.0,0.0,0.03,0,0,0,0,0,0,0,0,0,0,0,0,0,0,0,0,0,0,0,0,0
0.9646644592285156,0,0.0,0.0,0.0,0.0,0.0,0.0,0.0,0.0,0.03,0,0,0,0,0,0,0,0,0,0,0,0,0,0,0,0,0,0,0,0,0
0.9658122062683105,0,0.0,0.0,0.0,0.0,0.0,0.0,0.0,0.0,0.03,0,0,0,0,0,0,0,0,0,0,0,0,0,0,0,0,0,0,0,0,0
0.9679479598999023,0,0.0,0.0,0.0,0.0,0.0,0.0,0.0,0.0,0.03,0,0,0,0,0,0,0,0,0,0,0,0,0,0,0,0,0,0,0,0,0
0.969409704208374,0,0.0,0.0,0.0,0.0,0.0,0.0,0.0,0.0,0.03,0,0,0,0,0,0,0,0,0,0,0,0,0,0,0,0,0,0,0,0,0
0.9734139442443848,0,0.0,0.0,0.0,0.0,0.0,0.0,0.0,0.0,0.03,0,0,0,0,0,0,0,0,0,0,0,0,0,0,0,0,0,0,0,0,0
0.9754161834716797,0,0.0,0.0,0.0,0.0,0.0,0.0,0.0,0.0,0.03,0,0,0,0,0,0,0,0,0,0,0,0,0,0,0,0,0,0,0,0,0
0.9774520397186279,0,0.0,0.0,0.0,0.0,0.0,0.0,0.0,0.0,0.03,0,0,0,0,0,0,0,0,0,0,0,0,0,0,0,0,0,0,0,0,0
0.9790220260620117,0,0.0,0.0,0.0,0.0,0.0,0.0,0.0,0.0,0.03,0,0,0,0,0,0,0,0,0,0,0,0,0,0,0,0,0,0,0,0,0
0.9804465770721436,0,0.0,0.0,0.0,0.0,0.0,0.0,0.0,0.0,0.03,0,0,0,0,0,0,0,0,0,0,0,0,0,0,0,0,0,0,0,0,0
0.981544017791748,0,0.0,0.0,0.0,0.0,0.0,0.0,0.0,0.0,0.03,0,0,0,0,0,0,0,0,0,0,0,0,0,0,0,0,0,0,0,0,0
0.9829070568084717,0,0.0,0.0,0.0,0.0,0.0,0.0,0.0,0.0,0.03,0,0,0,0,0,0,0,0,0,0,0,0,0,0,0,0,0,0,0,0,0
0.9850716590881348,0,0.0,0.0,0.0,0.0,0.0,0.0,0.0,0.0,0.03,0,0,0,0,0,0,0,0,0,0,0,0,0,0,0,0,0,0,0,0,0
0.9863235950469971,0,0.0,0.0,0.0,0.0,0.0,0.0,0.0,0.0,0.03,0,0,0,0,0,0,0,0,0,0,0,0,0,0,0,0,0,0,0,0,0
0.9874165058135986,0,0.0,0.0,0.0,0.0,0.0,0.0,0.0,0.0,0.03,0,0,0,0,0,0,0,0,0,0,0,0,0,0,0,0,0,0,0,0,0
0.9892785549163818,0,0.0,0.0,0.0,0.0,0.0,0.0,0.0,0.0,0.03,0,0,0,0,0,0,0,0,0,0,0,0,0,0,0,0,0,0,0,0,0
0.9903924465179443,0,0.0,0.0,0.0,0.0,0.0,0.0,0.0,0.0,0.03,0,0,0,0,0,0,0,0,0,0,0,0,0,0,0,0,0,0,0,0,0
0.9914824962615967,0,0.0,0.0,0.0,0.0,0.0,0.0,0.0,0.0,0.03,0,0,0,0,0,0,0,0,0,0,0,0,0,0,0,0,0,0,0,0,0
0.9926426410675049,0,0.0,0.0,0.0,0.0,0.0,0.0,0.0,0.0,0.03,0,0,0,0,0,0,0,0,0,0,0,0,0,0,0,0,0,0,0,0,0
0.9937827587127686,0,0.0,0.0,0.0,0.0,0.0,0.0,0.0,0.0,0.03,0,0,0,0,0,0,0,0,0,0,0,0,0,0,0,0,0,0,0,0,0
0.9949350357055664,0,0.0,0.0,0.0,0.0,0.0,0.0,0.0,0.0,0.03,0,0,0,0,0,0,0,0,0,0,0,0,0,0,0,0,0,0,0,0,0
0.9966340065002441,0,0.0,0.0,0.0,0.0,0.0,0.0,0.0,0.0,0.03,0,0,0,0,0,0,0,0,0,0,0,0,0,0,0,0,0,0,0,0,0
0.9992048740386963,0,0.0,0.0,0.0,0.0,0.0,0.0,0.0,0.0,0.03,0,0,0,0,0,0,0,0,0,0,0,0,0,0,0,0,0,0,0,0,0
1.0008533000946045,0,0.0,0.0,0.0,0.0,0.0,0.0,0.0,0.0,0.03,0,0,0,0,0,0,0,0,0,0,0,0,0,0,0,0,0,0,0,0,0
1.0026226043701172,0,0.0,0.0,0.0,0.0,0.0,0.0,0.0,0.0,0.03,0,0,0,0,0,0,0,0,0,0,0,0,0,0,0,0,0,0,0,0,0
1.0038483142852783,0,0.0,0.0,0.0,0.0,0.0,0.0,0.0,0.0,0.03,0,0,0,0,0,0,0,0,0,0,0,0,0,0,0,0,0,0,0,0,0
1.0053222179412842,0,0.0,0.0,0.0,0.0,0.0,0.0,0.0,0.0,0.03,0,0,0,0,0,0,0,0,0,0,0,0,0,0,0,0,0,0,0,0,0
1.006518840789795,0,0.0,0.0,0.0,0.0,0.0,0.0,0.0,0.0,0.03,0,0,0,0,0,0,0,0,0,0,0,0,0,0,0,0,0,0,0,0,0
1.0078766345977783,0,0.0,0.0,0.0,0.0,0.0,0.0,0.0,0.0,0.03,0,0,0,0,0,0,0,0,0,0,0,0,0,0,0,0,0,0,0,0,0
1.0090925693511963,0,0.0,0.0,0.0,0.0,0.0,0.0,0.0,0.0,0.03,0,0,0,0,0,0,0,0,0,0,0,0,0,0,0,0,0,0,0,0,0
1.011228084564209,0,0.0,0.0,0.0,0.0,0.0,0.0,0.0,0.0,0.03,0,0,0,0,0,0,0,0,0,0,0,0,0,0,0,0,0,0,0,0,0
1.0123181343078613,0,0.0,0.0,0.0,0.0,0.0,0.0,0.0,0.0,0.03,0,0,0,0,0,0,0,0,0,0,0,0,0,0,0,0,0,0,0,0,0
1.013413906097412,0,0.0,0.0,0.0,0.0,0.0,0.0,0.0,0.0,0.03,0,0,0,0,0,0,0,0,0,0,0,0,0,0,0,0,0,0,0,0,0
1.014615774154663,0,0.0,0.0,0.0,0.0,0.0,0.0,0.0,0.0,0.03,0,0,0,0,0,0,0,0,0,0,0,0,0,0,0,0,0,0,0,0,0
1.016998291015625,0,0.0,0.0,0.0,0.0,0.0,0.0,0.0,0.0,0.03,0,0,0,0,0,0,0,0,0,0,0,0,0,0,0,0,0,0,0,0,0
1.0186858177185059,0,0.0,0.0,0.0,0.0,0.0,0.0,0.0,0.0,0.03,0,0,0,0,0,0,0,0,0,0,0,0,0,0,0,0,0,0,0,0,0
1.0205390453338623,0,0.0,0.0,0.0,0.0,0.0,0.0,0.0,0.0,0.03,0,0,0,0,0,0,0,0,0,0,0,0,0,0,0,0,0,0,0,0,0
1.021836519241333,0,0.0,0.0,0.0,0.0,0.0,0.0,0.0,0.0,0.03,0,0,0,0,0,0,0,0,0,0,0,0,0,0,0,0,0,0,0,0,0
1.0231060981750488,0,0.0,0.0,0.0,0.0,0.0,0.0,0.0,0.0,0.03,0,0,0,0,0,0,0,0,0,0,0,0,0,0,0,0,0,0,0,0,0
1.024526596069336,0,0.0,0.0,0.0,0.0,0.0,0.0,0.0,0.0,0.03,0,0,0,0,0,0,0,0,0,0,0,0,0,0,0,0,0,0,0,0,0
1.026141881942749,0,0.0,0.0,0.0,0.0,0.0,0.0,0.0,0.0,0.03,0,0,0,0,0,0,0,0,0,0,0,0,0,0,0,0,0,0,0,0,0
1.0273942947387695,0,0.0,0.0,0.0,0.0,0.0,0.0,0.0,0.0,0.03,0,0,0,0,0,0,0,0,0,0,0,0,0,0,0,0,0,0,0,0,0
1.029447078704834,0,0.0,0.0,0.0,0.0,0.0,0.0,0.0,0.0,0.03,0,0,0,0,0,0,0,0,0,0,0,0,0,0,0,0,0,0,0,0,0
1.0307352542877197,0,0.0,0.0,0.0,0.0,0.0,0.0,0.0,0.0,0.03,0,0,0,0,0,0,0,0,0,0,0,0,0,0,0,0,0,0,0,0,0
1.0344955921173096,0,0.0,0.0,0.0,0.0,0.0,0.0,0.0,0.0,0.03,0,0,0,0,0,0,0,0,0,0,0,0,0,0,0,0,0,0,0,0,0
1.0360870361328125,0,0.0,0.0,0.0,0.0,0.0,0.0,0.0,0.0,0.03,0,0,0,0,0,0,0,0,0,0,0,0,0,0,0,0,0,0,0,0,0
1.038290023803711,0,0.0,0.0,0.0,0.0,0.0,0.0,0.0,0.0,0.03,0,0,0,0,0,0,0,0,0,0,0,0,0,0,0,0,0,0,0,0,0
1.0416984558105469,0,0.0,0.0,0.0,0.0,0.0,0.0,0.0,0.0,0.03,0,0,0,0,0,0,0,0,0,0,0,0,0,0,0,0,0,0,0,0,0
1.0429985523223877,0,0.0,0.0,0.0,0.0,0.0,0.0,0.0,0.0,0.03,0,0,0,0,0,0,0,0,0,0,0,0,0,0,0,0,0,0,0,0,0
1.0453922748565674,0,0.0,0.0,0.0,0.0,0.0,0.0,0.0,0.0,0.03,0,0,0,0,0,0,0,0,0,0,0,0,0,0,0,0,0,0,0,0,0
1.0472140312194824,0,0.0,0.0,0.0,0.0,0.0,0.0,0.0,0.0,0.03,0,0,0,0,0,0,0,0,0,0,0,0,0,0,0,0,0,0,0,0,0
1.04836106300354,0,0.0,0.0,0.0,0.0,0.0,0.0,0.0,0.0,0.03,0,0,0,0,0,0,0,0,0,0,0,0,0,0,0,0,0,0,0,0,0
1.049750804901123,0,0.0,0.0,0.0,0.0,0.0,0.0,0.0,0.0,0.03,0,0,0,0,0,0,0,0,0,0,0,0,0,0,0,0,0,0,0,0,0
1.0509083271026611,0,0.0,0.0,0.0,0.0,0.0,0.0,0.0,0.0,0.03,0,0,0,0,0,0,0,0,0,0,0,0,0,0,0,0,0,0,0,0,0
1.0520439147949219,0,0.0,0.0,0.0,0.0,0.0,0.0,0.0,0.0,0.03,0,0,0,0,0,0,0,0,0,0,0,0,0,0,0,0,0,0,0,0,0
1.0531444549560547,0,0.0,0.0,0.0,0.0,0.0,0.0,0.0,0.0,0.03,0,0,0,0,0,0,0,0,0,0,0,0,0,0,0,0,0,0,0,0,0
1.0542428493499756,0,0.0,0.0,0.0,0.0,0.0,0.0,0.0,0.0,0.03,0,0,0,0,0,0,0,0,0,0,0,0,0,0,0,0,0,0,0,0,0
1.0554611682891846,0,0.0,0.0,0.0,0.0,0.0,0.0,0.0,0.0,0.03,0,0,0,0,0,0,0,0,0,0,0,0,0,0,0,0,0,0,0,0,0
1.0565521717071533,0,0.0,0.0,0.0,0.0,0.0,0.0,0.0,0.0,0.03,0,0,0,0,0,0,0,0,0,0,0,0,0,0,0,0,0,0,0,0,0
1.058210849761963,0,0.0,0.0,0.0,0.0,0.0,0.0,0.0,0.0,0.03,0,0,0,0,0,0,0,0,0,0,0,0,0,0,0,0,0,0,0,0,0
1.059650182723999,0,0.0,0.0,0.0,0.0,0.0,0.0,0.0,0.0,0.03,0,0,0,0,0,0,0,0,0,0,0,0,0,0,0,0,0,0,0,0,0
1.0623126029968262,0,0.0,0.0,0.0,0.0,0.0,0.0,0.0,0.0,0.03,0,0,0,0,0,0,0,0,0,0,0,0,0,0,0,0,0,0,0,0,0
1.0634517669677734,0,0.0,0.0,0.0,0.0,0.0,0.0,0.0,0.0,0.03,0,0,0,0,0,0,0,0,0,0,0,0,0,0,0,0,0,0,0,0,0
1.0646824836730957,0,0.0,0.0,0.0,0.0,0.0,0.0,0.0,0.0,0.03,0,0,0,0,0,0,0,0,0,0,0,0,0,0,0,0,0,0,0,0,0
1.0658340454101562,0,0.0,0.0,0.0,0.0,0.0,0.0,0.0,0.0,0.03,0,0,0,0,0,0,0,0,0,0,0,0,0,0,0,0,0,0,0,0,0
1.0669684410095215,0,0.0,0.0,0.0,0.0,0.0,0.0,0.0,0.0,0.03,0,0,0,0,0,0,0,0,0,0,0,0,0,0,0,0,0,0,0,0,0
1.0683181285858154,0,0.0,0.0,0.0,0.0,0.0,0.0,0.0,0.0,0.03,0,0,0,0,0,0,0,0,0,0,0,0,0,0,0,0,0,0,0,0,0
1.0694968700408936,0,0.0,0.0,0.0,0.0,0.0,0.0,0.0,0.0,0.03,0,0,0,0,0,0,0,0,0,0,0,0,0,0,0,0,0,0,0,0,0
1.0715436935424805,0,0.0,0.0,0.0,0.0,0.0,0.0,0.0,0.0,0.03,0,0,0,0,0,0,0,0,0,0,0,0,0,0,0,0,0,0,0,0,0
1.0727880001068115,0,0.0,0.0,0.0,0.0,0.0,0.0,0.0,0.0,0.03,0,0,0,0,0,0,0,0,0,0,0,0,0,0,0,0,0,0,0,0,0
1.073979377746582,0,0.0,0.0,0.0,0.0,0.0,0.0,0.0,0.0,0.03,0,0,0,0,0,0,0,0,0,0,0,0,0,0,0,0,0,0,0,0,0
1.0751276016235352,0,0.0,0.0,0.0,0.0,0.0,0.0,0.0,0.0,0.03,0,0,0,0,0,0,0,0,0,0,0,0,0,0,0,0,0,0,0,0,0
1.076218843460083,0,0.0,0.0,0.0,0.0,0.0,0.0,0.0,0.0,0.03,0,0,0,0,0,0,0,0,0,0,0,0,0,0,0,0,0,0,0,0,0
1.0774321556091309,0,0.0,0.0,0.0,0.0,0.0,0.0,0.0,0.0,0.03,0,0,0,0,0,0,0,0,0,0,0,0,0,0,0,0,0,0,0,0,0
1.079002857208252,0,0.0,0.0,0.0,0.0,0.0,0.0,0.0,0.0,0.03,0,0,0,0,0,0,0,0,0,0,0,0,0,0,0,0,0,0,0,0,0
1.0805473327636719,0,0.0,0.0,0.0,0.0,0.0,0.0,0.0,0.0,0.03,0,0,0,0,0,0,0,0,0,0,0,0,0,0,0,0,0,0,0,0,0
1.0821497440338135,0,0.0,0.0,0.0,0.0,0.0,0.0,0.0,0.0,0.03,0,0,0,0,0,0,0,0,0,0,0,0,0,0,0,0,0,0,0,0,0
1.0834379196166992,0,0.0,0.0,0.0,0.0,0.0,0.0,0.0,0.0,0.03,0,0,0,0,0,0,0,0,0,0,0,0,0,0,0,0,0,0,0,0,0
1.084550142288208,0,0.0,0.0,0.0,0.0,0.0,0.0,0.0,0.0,0.03,0,0,0,0,0,0,0,0,0,0,0,0,0,0,0,0,0,0,0,0,0
1.0862460136413574,0,0.0,0.0,0.0,0.0,0.0,0.0,0.0,0.0,0.03,0,0,0,0,0,0,0,0,0,0,0,0,0,0,0,0,0,0,0,0,0
1.0873355865478516,0,0.0,0.0,0.0,0.0,0.0,0.0,0.0,0.0,0.03,0,0,0,0,0,0,0,0,0,0,0,0,0,0,0,0,0,0,0,0,0
1.0884451866149902,0,0.0,0.0,0.0,0.0,0.0,0.0,0.0,0.0,0.03,0,0,0,0,0,0,0,0,0,0,0,0,0,0,0,0,0,0,0,0,0
1.0901176929473877,0,0.0,0.0,0.0,0.0,0.0,0.0,0.0,0.0,0.03,0,0,0,0,0,0,0,0,0,0,0,0,0,0,0,0,0,0,0,0,0
1.0911986827850342,0,0.0,0.0,0.0,0.0,0.0,0.0,0.0,0.0,0.03,0,0,0,0,0,0,0,0,0,0,0,0,0,0,0,0,0,0,0,0,0
1.094557285308838,0,0.0,0.0,0.0,0.0,0.0,0.0,0.0,0.0,0.03,0,0,0,0,0,0,0,0,0,0,0,0,0,0,0,0,0,0,0,0,0
1.0962307453155518,0,0.0,0.0,0.0,0.0,0.0,0.0,0.0,0.0,0.03,0,0,0,0,0,0,0,0,0,0,0,0,0,0,0,0,0,0,0,0,0
1.0976998805999756,0,0.0,0.0,0.0,0.0,0.0,0.0,0.0,0.0,0.03,0,0,0,0,0,0,0,0,0,0,0,0,0,0,0,0,0,0,0,0,0
1.099205732345581,0,0.0,0.0,0.0,0.0,0.0,0.0,0.0,0.0,0.03,0,0,0,0,0,0,0,0,0,0,0,0,0,0,0,0,0,0,0,0,0
1.10111403465271,0,0.0,0.0,0.0,0.0,0.0,0.0,0.0,0.0,0.03,0,0,0,0,0,0,0,0,0,0,0,0,0,0,0,0,0,0,0,0,0
1.1023178100585938,0,0.0,0.0,0.0,0.0,0.0,0.0,0.0,0.0,0.03,0,0,0,0,0,0,0,0,0,0,0,0,0,0,0,0,0,0,0,0,0
1.1034181118011475,0,0.0,0.0,0.0,0.0,0.0,0.0,0.0,0.0,0.03,0,0,0,0,0,0,0,0,0,0,0,0,0,0,0,0,0,0,0,0,0
1.1047754287719727,0,0.0,0.0,0.0,0.0,0.0,0.0,0.0,0.0,0.03,0,0,0,0,0,0,0,0,0,0,0,0,0,0,0,0,0,0,0,0,0
1.1066374778747559,0,0.0,0.0,0.0,0.0,0.0,0.0,0.0,0.0,0.03,0,0,0,0,0,0,0,0,0,0,0,0,0,0,0,0,0,0,0,0,0
1.1080577373504639,0,0.0,0.0,0.0,0.0,0.0,0.0,0.0,0.0,0.03,0,0,0,0,0,0,0,0,0,0,0,0,0,0,0,0,0,0,0,0,0
1.109285593032837,0,0.0,0.0,0.0,0.0,0.0,0.0,0.0,0.0,0.03,0,0,0,0,0,0,0,0,0,0,0,0,0,0,0,0,0,0,0,0,0
1.1104230880737305,0,0.0,0.0,0.0,0.0,0.0,0.0,0.0,0.0,0.03,0,0,0,0,0,0,0,0,0,0,0,0,0,0,0,0,0,0,0,0,0
1.1115131378173828,0,0.0,0.0,0.0,0.0,0.0,0.0,0.0,0.0,0.03,0,0,0,0,0,0,0,0,0,0,0,0,0,0,0,0,0,0,0,0,0
1.112607717514038,0,0.0,0.0,0.0,0.0,0.0,0.0,0.0,0.0,0.03,0,0,0,0,0,0,0,0,0,0,0,0,0,0,0,0,0,0,0,0,0
1.113692045211792,0,0.0,0.0,0.0,0.0,0.0,0.0,0.0,0.0,0.03,0,0,0,0,0,0,0,0,0,0,0,0,0,0,0,0,0,0,0,0,0
1.1148779392242432,0,0.0,0.0,0.0,0.0,0.0,0.0,0.0,0.0,0.03,0,0,0,0,0,0,0,0,0,0,0,0,0,0,0,0,0,0,0,0,0
1.1159536838531494,0,0.0,0.0,0.0,0.0,0.0,0.0,0.0,0.0,0.03,0,0,0,0,0,0,0,0,0,0,0,0,0,0,0,0,0,0,0,0,0
1.1174063682556152,0,0.0,0.0,0.0,0.0,0.0,0.0,0.0,0.0,0.03,0,0,0,0,0,0,0,0,0,0,0,0,0,0,0,0,0,0,0,0,0
1.119173288345337,0,0.0,0.0,0.0,0.0,0.0,0.0,0.0,0.0,0.03,0,0,0,0,0,0,0,0,0,0,0,0,0,0,0,0,0,0,0,0,0
1.1205418109893799,0,0.0,0.0,0.0,0.0,0.0,0.0,0.0,0.0,0.03,0,0,0,0,0,0,0,0,0,0,0,0,0,0,0,0,0,0,0,0,0
1.121849775314331,0,0.0,0.0,0.0,0.0,0.0,0.0,0.0,0.0,0.03,0,0,0,0,0,0,0,0,0,0,0,0,0,0,0,0,0,0,0,0,0
1.1238174438476562,0,0.0,0.0,0.0,0.0,0.0,0.0,0.0,0.0,0.03,0,0,0,0,0,0,0,0,0,0,0,0,0,0,0,0,0,0,0,0,0
1.1251275539398193,0,0.0,0.0,0.0,0.0,0.0,0.0,0.0,0.0,0.03,0,0,0,0,0,0,0,0,0,0,0,0,0,0,0,0,0,0,0,0,0
1.1263535022735596,0,0.0,0.0,0.0,0.0,0.0,0.0,0.0,0.0,0.03,0,0,0,0,0,0,0,0,0,0,0,0,0,0,0,0,0,0,0,0,0
1.1278221607208252,0,0.0,0.0,0.0,0.0,0.0,0.0,0.0,0.0,0.03,0,0,0,0,0,0,0,0,0,0,0,0,0,0,0,0,0,0,0,0,0
1.1292712688446045,0,0.0,0.0,0.0,0.0,0.0,0.0,0.0,0.0,0.03,0,0,0,0,0,0,0,0,0,0,0,0,0,0,0,0,0,0,0,0,0
1.1305654048919678,0,0.0,0.0,0.0,0.0,0.0,0.0,0.0,0.0,0.03,0,0,0,0,0,0,0,0,0,0,0,0,0,0,0,0,0,0,0,0,0
1.132169246673584,0,0.0,0.0,0.0,0.0,0.0,0.0,0.0,0.0,0.03,0,0,0,0,0,0,0,0,0,0,0,0,0,0,0,0,0,0,0,0,0
1.1336078643798828,0,0.0,0.0,0.0,0.0,0.0,0.0,0.0,0.0,0.03,0,0,0,0,0,0,0,0,0,0,0,0,0,0,0,0,0,0,0,0,0
1.1347501277923584,0,0.0,0.0,0.0,0.0,0.0,0.0,0.0,0.0,0.03,0,0,0,0,0,0,0,0,0,0,0,0,0,0,0,0,0,0,0,0,0
1.1360893249511719,0,0.0,0.0,0.0,0.0,0.0,0.0,0.0,0.0,0.03,0,0,0,0,0,0,0,0,0,0,0,0,0,0,0,0,0,0,0,0,0
1.1371495723724365,0,0.0,0.0,0.0,0.0,0.0,0.0,0.0,0.0,0.03,0,0,0,0,0,0,0,0,0,0,0,0,0,0,0,0,0,0,0,0,0
1.138434648513794,0,0.0,0.0,0.0,0.0,0.0,0.0,0.0,0.0,0.03,0,0,0,0,0,0,0,0,0,0,0,0,0,0,0,0,0,0,0,0,0
1.1399891376495361,0,0.0,0.0,0.0,0.0,0.0,0.0,0.0,0.0,0.03,0,0,0,0,0,0,0,0,0,0,0,0,0,0,0,0,0,0,0,0,0
1.1435627937316895,0,0.0,0.0,0.0,0.0,0.0,0.0,0.0,0.0,0.03,0,0,0,0,0,0,0,0,0,0,0,0,0,0,0,0,0,0,0,0,0
1.1447505950927734,0,0.0,0.0,0.0,0.0,0.0,0.0,0.0,0.0,0.03,0,0,0,0,0,0,0,0,0,0,0,0,0,0,0,0,0,0,0,0,0
1.1461513042449951,0,0.0,0.0,0.0,0.0,0.0,0.0,0.0,0.0,0.03,0,0,0,0,0,0,0,0,0,0,0,0,0,0,0,0,0,0,0,0,0
1.1475355625152588,0,0.0,0.0,0.0,0.0,0.0,0.0,0.0,0.0,0.03,0,0,0,0,0,0,0,0,0,0,0,0,0,0,0,0,0,0,0,0,0
1.1488690376281738,0,0.0,0.0,0.0,0.0,0.0,0.0,0.0,0.0,0.03,0,0,0,0,0,0,0,0,0,0,0,0,0,0,0,0,0,0,0,0,0
1.150611400604248,0,0.0,0.0,0.0,0.0,0.0,0.0,0.0,0.0,0.03,0,0,0,0,0,0,0,0,0,0,0,0,0,0,0,0,0,0,0,0,0
1.1516942977905273,0,0.0,0.0,0.0,0.0,0.0,0.0,0.0,0.0,0.03,0,0,0,0,0,0,0,0,0,0,0,0,0,0,0,0,0,0,0,0,0
1.1552801132202148,0,0.0,0.0,0.0,0.0,0.0,0.0,0.0,0.0,0.03,0,0,0,0,0,0,0,0,0,0,0,0,0,0,0,0,0,0,0,0,0
1.1565608978271484,0,0.0,0.0,0.0,0.0,0.0,0.0,0.0,0.0,0.03,0,0,0,0,0,0,0,0,0,0,0,0,0,0,0,0,0,0,0,0,0
1.1582427024841309,0,0.0,0.0,0.0,0.0,0.0,0.0,0.0,0.0,0.03,0,0,0,0,0,0,0,0,0,0,0,0,0,0,0,0,0,0,0,0,0
1.1596293449401855,0,0.0,0.0,0.0,0.0,0.0,0.0,0.0,0.0,0.03,0,0,0,0,0,0,0,0,0,0,0,0,0,0,0,0,0,0,0,0,0
1.1608211994171143,0,0.0,0.0,0.0,0.0,0.0,0.0,0.0,0.0,0.03,0,0,0,0,0,0,0,0,0,0,0,0,0,0,0,0,0,0,0,0,0
1.1624643802642822,0,0.0,0.0,0.0,0.0,0.0,0.0,0.0,0.0,0.03,0,0,0,0,0,0,0,0,0,0,0,0,0,0,0,0,0,0,0,0,0
1.164402723312378,0,0.0,0.0,0.0,0.0,0.0,0.0,0.0,0.0,0.03,0,0,0,0,0,0,0,0,0,0,0,0,0,0,0,0,0,0,0,0,0
1.1661057472229004,0,0.0,0.0,0.0,0.0,0.0,0.0,0.0,0.0,0.03,0,0,0,0,0,0,0,0,0,0,0,0,0,0,0,0,0,0,0,0,0
1.1672296524047852,0,0.0,0.0,0.0,0.0,0.0,0.0,0.0,0.0,0.03,0,0,0,0,0,0,0,0,0,0,0,0,0,0,0,0,0,0,0,0,0
1.1684925556182861,0,0.0,0.0,0.0,0.0,0.0,0.0,0.0,0.0,0.03,0,0,0,0,0,0,0,0,0,0,0,0,0,0,0,0,0,0,0,0,0
1.1696202754974365,0,0.0,0.0,0.0,0.0,0.0,0.0,0.0,0.0,0.03,0,0,0,0,0,0,0,0,0,0,0,0,0,0,0,0,0,0,0,0,0
1.171311616897583,0,0.0,0.0,0.0,0.0,0.0,0.0,0.0,0.0,0.03,0,0,0,0,0,0,0,0,0,0,0,0,0,0,0,0,0,0,0,0,0
1.172616720199585,0,0.0,0.0,0.0,0.0,0.0,0.0,0.0,0.0,0.03,0,0,0,0,0,0,0,0,0,0,0,0,0,0,0,0,0,0,0,0,0
1.1737241744995117,0,0.0,0.0,0.0,0.0,0.0,0.0,0.0,0.0,0.03,0,0,0,0,0,0,0,0,0,0,0,0,0,0,0,0,0,0,0,0,0
1.1748223304748535,0,0.0,0.0,0.0,0.0,0.0,0.0,0.0,0.0,0.03,0,0,0,0,0,0,0,0,0,0,0,0,0,0,0,0,0,0,0,0,0
1.1760344505310059,0,0.0,0.0,0.0,0.0,0.0,0.0,0.0,0.0,0.03,0,0,0,0,0,0,0,0,0,0,0,0,0,0,0,0,0,0,0,0,0
1.1774303913116455,0,0.0,0.0,0.0,0.0,0.0,0.0,0.0,0.0,0.03,0,0,0,0,0,0,0,0,0,0,0,0,0,0,0,0,0,0,0,0,0
1.1792938709259033,0,0.0,0.0,0.0,0.0,0.0,0.0,0.0,0.0,0.03,0,0,0,0,0,0,0,0,0,0,0,0,0,0,0,0,0,0,0,0,0
1.180511474609375,0,0.0,0.0,0.0,0.0,0.0,0.0,0.0,0.0,0.03,0,0,0,0,0,0,0,0,0,0,0,0,0,0,0,0,0,0,0,0,0
1.1821954250335693,0,0.0,0.0,0.0,0.0,0.0,0.0,0.0,0.0,0.03,0,0,0,0,0,0,0,0,0,0,0,0,0,0,0,0,0,0,0,0,0
1.183351993560791,0,0.0,0.0,0.0,0.0,0.0,0.0,0.0,0.0,0.03,0,0,0,0,0,0,0,0,0,0,0,0,0,0,0,0,0,0,0,0,0
1.1845927238464355,0,0.0,0.0,0.0,0.0,0.0,0.0,0.0,0.0,0.03,0,0,0,0,0,0,0,0,0,0,0,0,0,0,0,0,0,0,0,0,0
1.1859018802642822,0,0.0,0.0,0.0,0.0,0.0,0.0,0.0,0.0,0.03,0,0,0,0,0,0,0,0,0,0,0,0,0,0,0,0,0,0,0,0,0
1.187946081161499,0,0.0,0.0,0.0,0.0,0.0,0.0,0.0,0.0,0.03,0,0,0,0,0,0,0,0,0,0,0,0,0,0,0,0,0,0,0,0,0
1.1891758441925049,0,0.0,0.0,0.0,0.0,0.0,0.0,0.0,0.0,0.03,0,0,0,0,0,0,0,0,0,0,0,0,0,0,0,0,0,0,0,0,0
1.19026517868042,0,0.0,0.0,0.0,0.0,0.0,0.0,0.0,0.0,0.03,0,0,0,0,0,0,0,0,0,0,0,0,0,0,0,0,0,0,0,0,0
1.191455602645874,0,0.0,0.0,0.0,0.0,0.0,0.0,0.0,0.0,0.03,0,0,0,0,0,0,0,0,0,0,0,0,0,0,0,0,0,0,0,0,0
1.192833662033081,0,0.0,0.0,0.0,0.0,0.0,0.0,0.0,0.0,0.03,0,0,0,0,0,0,0,0,0,0,0,0,0,0,0,0,0,0,0,0,0
1.1939964294433594,0,0.0,0.0,0.0,0.0,0.0,0.0,0.0,0.0,0.03,0,0,0,0,0,0,0,0,0,0,0,0,0,0,0,0,0,0,0,0,0
1.1951403617858887,0,0.0,0.0,0.0,0.0,0.0,0.0,0.0,0.0,0.03,0,0,0,0,0,0,0,0,0,0,0,0,0,0,0,0,0,0,0,0,0
1.1962213516235352,0,0.0,0.0,0.0,0.0,0.0,0.0,0.0,0.0,0.03,0,0,0,0,0,0,0,0,0,0,0,0,0,0,0,0,0,0,0,0,0
1.1973869800567627,0,0.0,0.0,0.0,0.0,0.0,0.0,0.0,0.0,0.03,0,0,0,0,0,0,0,0,0,0,0,0,0,0,0,0,0,0,0,0,0
1.1985878944396973,0,0.0,0.0,0.0,0.0,0.0,0.0,0.0,0.0,0.03,0,0,0,0,0,0,0,0,0,0,0,0,0,0,0,0,0,0,0,0,0
1.2021722793579102,0,0.0,0.0,0.0,0.0,0.0,0.0,0.0,0.0,0.03,0,0,0,0,0,0,0,0,0,0,0,0,0,0,0,0,0,0,0,0,0
1.2034623622894287,0,0.0,0.0,0.0,0.0,0.0,0.0,0.0,0.0,0.03,0,0,0,0,0,0,0,0,0,0,0,0,0,0,0,0,0,0,0,0,0
1.2046096324920654,0,0.0,0.0,0.0,0.0,0.0,0.0,0.0,0.0,0.03,0,0,0,0,0,0,0,0,0,0,0,0,0,0,0,0,0,0,0,0,0
1.205824375152588,0,0.0,0.0,0.0,0.0,0.0,0.0,0.0,0.0,0.03,0,0,0,0,0,0,0,0,0,0,0,0,0,0,0,0,0,0,0,0,0
1.2069077491760254,0,0.0,0.0,0.0,0.0,0.0,0.0,0.0,0.0,0.03,0,0,0,0,0,0,0,0,0,0,0,0,0,0,0,0,0,0,0,0,0
1.208038330078125,0,0.0,0.0,0.0,0.0,0.0,0.0,0.0,0.0,0.03,0,0,0,0,0,0,0,0,0,0,0,0,0,0,0,0,0,0,0,0,0
1.2093002796173096,0,0.0,0.0,0.0,0.0,0.0,0.0,0.0,0.0,0.03,0,0,0,0,0,0,0,0,0,0,0,0,0,0,0,0,0,0,0,0,0
1.2104718685150146,0,0.0,0.0,0.0,0.0,0.0,0.0,0.0,0.0,0.03,0,0,0,0,0,0,0,0,0,0,0,0,0,0,0,0,0,0,0,0,0
1.2145190238952637,0,0.0,0.0,0.0,0.0,0.0,0.0,0.0,0.0,0.03,0,0,0,0,0,0,0,0,0,0,0,0,0,0,0,0,0,0,0,0,0
1.2162437438964844,0,0.0,0.0,0.0,0.0,0.0,0.0,0.0,0.0,0.03,0,0,0,0,0,0,0,0,0,0,0,0,0,0,0,0,0,0,0,0,0
1.218266248703003,0,0.0,0.0,0.0,0.0,0.0,0.0,0.0,0.0,0.03,0,0,0,0,0,0,0,0,0,0,0,0,0,0,0,0,0,0,0,0,0
1.219921350479126,0,0.0,0.0,0.0,0.0,0.0,0.0,0.0,0.0,0.03,0,0,0,0,0,0,0,0,0,0,0,0,0,0,0,0,0,0,0,0,0
1.2216596603393555,0,0.0,0.0,0.0,0.0,0.0,0.0,0.0,0.0,0.03,0,0,0,0,0,0,0,0,0,0,0,0,0,0,0,0,0,0,0,0,0
1.2229599952697754,0,0.0,0.0,0.0,0.0,0.0,0.0,0.0,0.0,0.03,0,0,0,0,0,0,0,0,0,0,0,0,0,0,0,0,0,0,0,0,0
1.2241487503051758,0,0.0,0.0,0.0,0.0,0.0,0.0,0.0,0.0,0.03,0,0,0,0,0,0,0,0,0,0,0,0,0,0,0,0,0,0,0,0,0
1.225900411605835,0,0.0,0.0,0.0,0.0,0.0,0.0,0.0,0.0,0.03,0,0,0,0,0,0,0,0,0,0,0,0,0,0,0,0,0,0,0,0,0
1.2271666526794434,0,0.0,0.0,0.0,0.0,0.0,0.0,0.0,0.0,0.03,0,0,0,0,0,0,0,0,0,0,0,0,0,0,0,0,0,0,0,0,0
1.2282662391662598,0,0.0,0.0,0.0,0.0,0.0,0.0,0.0,0.0,0.03,0,0,0,0,0,0,0,0,0,0,0,0,0,0,0,0,0,0,0,0,0
1.229884386062622,0,0.0,0.0,0.0,0.0,0.0,0.0,0.0,0.0,0.03,0,0,0,0,0,0,0,0,0,0,0,0,0,0,0,0,0,0,0,0,0
1.2311902046203613,0,0.0,0.0,0.0,0.0,0.0,0.0,0.0,0.0,0.03,0,0,0,0,0,0,0,0,0,0,0,0,0,0,0,0,0,0,0,0,0
1.2322862148284912,0,0.0,0.0,0.0,0.0,0.0,0.0,0.0,0.0,0.03,0,0,0,0,0,0,0,0,0,0,0,0,0,0,0,0,0,0,0,0,0
1.2334017753601074,0,0.0,0.0,0.0,0.0,0.0,0.0,0.0,0.0,0.03,0,0,0,0,0,0,0,0,0,0,0,0,0,0,0,0,0,0,0,0,0
1.2347164154052734,0,0.0,0.0,0.0,0.0,0.0,0.0,0.0,0.0,0.03,0,0,0,0,0,0,0,0,0,0,0,0,0,0,0,0,0,0,0,0,0
1.2358012199401855,0,0.0,0.0,0.0,0.0,0.0,0.0,0.0,0.0,0.03,0,0,0,0,0,0,0,0,0,0,0,0,0,0,0,0,0,0,0,0,0
1.237558126449585,0,0.0,0.0,0.0,0.0,0.0,0.0,0.0,0.0,0.03,0,0,0,0,0,0,0,0,0,0,0,0,0,0,0,0,0,0,0,0,0
1.2394044399261475,0,0.0,0.0,0.0,0.0,0.0,0.0,0.0,0.0,0.03,0,0,0,0,0,0,0,0,0,0,0,0,0,0,0,0,0,0,0,0,0
1.2421467304229736,0,0.0,0.0,0.0,0.0,0.0,0.0,0.0,0.0,0.03,0,0,0,0,0,0,0,0,0,0,0,0,0,0,0,0,0,0,0,0,0
1.2432801723480225,0,0.0,0.0,0.0,0.0,0.0,0.0,0.0,0.0,0.03,0,0,0,0,0,0,0,0,0,0,0,0,0,0,0,0,0,0,0,0,0
1.2444605827331543,0,0.0,0.0,0.0,0.0,0.0,0.0,0.0,0.0,0.03,0,0,0,0,0,0,0,0,0,0,0,0,0,0,0,0,0,0,0,0,0
1.245837926864624,0,0.0,0.0,0.0,0.0,0.0,0.0,0.0,0.0,0.03,0,0,0,0,0,0,0,0,0,0,0,0,0,0,0,0,0,0,0,0,0
1.2474830150604248,0,0.0,0.0,0.0,0.0,0.0,0.0,0.0,0.0,0.03,0,0,0,0,0,0,0,0,0,0,0,0,0,0,0,0,0,0,0,0,0
1.2488203048706055,0,0.0,0.0,0.0,0.0,0.0,0.0,0.0,0.0,0.03,0,0,0,0,0,0,0,0,0,0,0,0,0,0,0,0,0,0,0,0,0
1.2501904964447021,0,0.0,0.0,0.0,0.0,0.0,0.0,0.0,0.0,0.03,0,0,0,0,0,0,0,0,0,0,0,0,0,0,0,0,0,0,0,0,0
1.2512843608856201,0,0.0,0.0,0.0,0.0,0.0,0.0,0.0,0.0,0.03,0,0,0,0,0,0,0,0,0,0,0,0,0,0,0,0,0,0,0,0,0
1.2524561882019043,0,0.0,0.0,0.0,0.0,0.0,0.0,0.0,0.0,0.03,0,0,0,0,0,0,0,0,0,0,0,0,0,0,0,0,0,0,0,0,0
1.2536065578460693,0,0.0,0.0,0.0,0.0,0.0,0.0,0.0,0.0,0.03,0,0,0,0,0,0,0,0,0,0,0,0,0,0,0,0,0,0,0,0,0
1.254692554473877,0,0.0,0.0,0.0,0.0,0.0,0.0,0.0,0.0,0.03,0,0,0,0,0,0,0,0,0,0,0,0,0,0,0,0,0,0,0,0,0
1.2559666633605957,0,0.0,0.0,0.0,0.0,0.0,0.0,0.0,0.0,0.03,0,0,0,0,0,0,0,0,0,0,0,0,0,0,0,0,0,0,0,0,0
1.2572267055511475,0,0.0,0.0,0.0,0.0,0.0,0.0,0.0,0.0,0.03,0,0,0,0,0,0,0,0,0,0,0,0,0,0,0,0,0,0,0,0,0
1.2599585056304932,0,0.0,0.0,0.0,0.0,0.0,0.0,0.0,0.0,0.03,0,0,0,0,0,0,0,0,0,0,0,0,0,0,0,0,0,0,0,0,0
1.2611730098724365,0,0.0,0.0,0.0,0.0,0.0,0.0,0.0,0.0,0.03,0,0,0,0,0,0,0,0,0,0,0,0,0,0,0,0,0,0,0,0,0
1.262540578842163,0,0.0,0.0,0.0,0.0,0.0,0.0,0.0,0.0,0.03,0,0,0,0,0,0,0,0,0,0,0,0,0,0,0,0,0,0,0,0,0
1.264575481414795,0,0.0,0.0,0.0,0.0,0.0,0.0,0.0,0.0,0.03,0,0,0,0,0,0,0,0,0,0,0,0,0,0,0,0,0,0,0,0,0
1.2656822204589844,0,0.0,0.0,0.0,0.0,0.0,0.0,0.0,0.0,0.03,0,0,0,0,0,0,0,0,0,0,0,0,0,0,0,0,0,0,0,0,0
1.2669398784637451,0,0.0,0.0,0.0,0.0,0.0,0.0,0.0,0.0,0.03,0,0,0,0,0,0,0,0,0,0,0,0,0,0,0,0,0,0,0,0,0
1.2680585384368896,0,0.0,0.0,0.0,0.0,0.0,0.0,0.0,0.0,0.03,0,0,0,0,0,0,0,0,0,0,0,0,0,0,0,0,0,0,0,0,0
1.2691218852996826,0,0.0,0.0,0.0,0.0,0.0,0.0,0.0,0.0,0.03,0,0,0,0,0,0,0,0,0,0,0,0,0,0,0,0,0,0,0,0,0
